frame,voxel_size,distance_threshold,cluster_id,points,nearest_m,min_x_m,min_y_m,min_z_m,max_x_m,max_y_m,max_z_m,extent_x_m,extent_y_m,extent_z_m
000001,0.05,0.03,0,17958,3.978150311328228,0.0,-11.994999885559082,-1.8609999418258667,28.466999053955078,-0.09799999743700027,1.1169999837875366,28.466999053955078,11.896999888122082,2.9779999256134033
000001,0.05,0.03,1,660,10.225900000017042,0.0020000000949949026,10.211999893188477,-1.9420000314712524,20.613000869750977,11.831999778747559,-1.4910000562667847,20.61100086965598,1.619999885559082,0.4509999752044678
000001,0.05,0.03,2,19,27.162400764289675,26.742000579833984,4.577000141143799,-1.4819999933242798,27.742000579833984,6.006999969482422,-1.343000054359436,1.0,1.429999828338623,0.13899993896484375
000001,0.05,0.03,3,3103,5.220474274673308,0.006000000052154064,3.630000114440918,-1.809999942779541,21.167999267578125,9.520000457763672,-1.3550000190734863,21.16199926752597,5.890000343322754,0.4549999237060547
000001,0.05,0.03,4,27,20.212676610693187,19.05299949645996,-6.815000057220459,-1.2510000467300415,20.357999801635742,-5.593999862670898,-1.1890000104904175,1.3050003051757812,1.2210001945495605,0.06200003623962402
000001,0.05,0.03,5,128,5.936830988610706,5.309999942779541,-0.34166667858759564,-1.6650000214576721,6.893999814987183,2.805000066757202,-1.6410000324249268,1.5839998722076416,3.1466667453447976,0.02399998903274536
000001,0.05,0.03,6,14,25.39415784169835,23.05900001525879,10.223999977111816,-1.6039999723434448,24.548999786376953,10.63700008392334,-1.4429999589920044,1.489999771118164,0.41300010681152344,0.16100001335144043
000001,0.05,0.03,7,11,30.781352369097306,29.357999801635742,-9.402000427246094,0.30399999022483826,29.97599983215332,-9.062000274658203,0.6850000023841858,0.6180000305175781,0.3400001525878906,0.38100001215934753
000001,0.05,0.03,8,61,13.041106052767496,5.578999996185303,11.42300033569336,-1.8259999752044678,9.026000022888184,11.887999534606934,-1.753000020980835,3.447000026702881,0.4649991989135742,0.07299995422363281
000001,0.05,0.03,9,10,28.68139679417207,27.226999282836914,-9.29800033569336,0.996999979019165,27.996000289916992,-8.895999908447266,1.190000057220459,0.7690010070800781,0.40200042724609375,0.19300007820129395
000001,0.05,0.03,10,16,23.931749017061207,21.413999557495117,10.16100025177002,-1.6269999742507935,22.545000076293945,10.6850004196167,-1.468999981880188,1.1310005187988281,0.5240001678466797,0.15799999237060547
000001,0.05,0.03,11,25,21.69707350275222,21.246999740600586,3.8320000171661377,-1.5540000200271606,22.134000778198242,5.156000137329102,-1.409000039100647,0.8870010375976562,1.3240001201629639,0.14499998092651367
000001,0.05,0.03,12,29,15.85069200532435,10.607000350952148,11.574999809265137,-1.7640000581741333,13.010000228881836,11.805000305175781,-1.6699999570846558,2.4029998779296875,0.23000049591064453,0.09400010108947754
000001,0.05,0.03,13,40,21.774471144392322,20.24799919128418,7.125999927520752,-1.534999966621399,22.990999221801758,8.520000457763672,-1.378999948501587,2.743000030517578,1.39400053024292,0.156000018119812
000001,0.05,0.03,14,9,29.24533906791937,28.895999908447266,4.215000152587891,-1.4559999704360962,29.42799949645996,5.070000171661377,-1.2929999828338623,0.5319995880126953,0.8550000190734863,0.1629999876022339
000001,0.05,0.03,15,7,20.53855989576334,17.395000457763672,-11.402999877929688,0.41999998688697815,17.945999145507812,-10.880999565124512,0.7739999890327454,0.5509986877441406,0.5220003128051758,0.3540000021457672
000001,0.05,0.03,16,34,12.071619508676687,2.5190000534057617,11.652999877929688,-1.8380000591278076,3.9609999656677246,11.948999881744385,-1.7920000553131104,1.441999912261963,0.29600000381469727,0.046000003814697266
000001,0.05,0.03,17,23,23.12251484807887,22.555999755859375,3.8949999809265137,-1.531999945640564,23.408000946044922,5.169000148773193,-1.3890000581741333,0.8520011901855469,1.2740001678466797,0.14299988746643066
000001,0.05,0.03,18,9,15.219787008134102,9.670000076293945,11.552000045776367,-1.7610000371932983,10.032999992370605,11.753000259399414,-1.746999979019165,0.36299991607666016,0.20100021362304688,0.0140000581741333
000001,0.05,0.03,19,19,20.319216129741985,19.6560001373291,4.182000160217285,-1.5640000104904175,20.423999786376953,5.14900016784668,-1.4290000200271606,0.7679996490478516,0.9670000076293945,0.13499999046325684
000001,0.05,0.03,20,22,22.23249830974787,21.37299919128418,5.638999938964844,-1.4739999771118164,24.3439998626709,6.122000217437744,-1.315000057220459,2.9710006713867188,0.4830002784729004,0.15899991989135742
000001,0.05,0.03,21,23,29.872677028568383,29.233999252319336,-6.515999794006348,-1.1469999551773071,29.982999801635742,-4.74399995803833,-0.7739999890327454,0.7490005493164062,1.7719998359680176,0.37299996614456177
000001,0.05,0.03,22,12,24.80021021138285,24.347999572753906,4.309000015258789,-1.5099999904632568,25.32699966430664,5.118000030517578,-1.3609999418258667,0.9790000915527344,0.8090000152587891,0.14900004863739014
000001,0.05,0.03,23,6,3.9678470617325665,3.6410000324249268,-1.7369999885559082,-1.7480000257492065,3.8440001010894775,-1.2979999780654907,-1.7330000400543213,0.20300006866455078,0.4390000104904175,0.014999985694885254
000001,0.05,0.03,24,10,24.93880454263643,24.760000228881836,-3.130000114440918,-1.3539999723434448,25.479999542236328,-2.4030001163482666,-0.9120000004768372,0.7199993133544922,0.7269999980926514,0.44199997186660767
000001,0.05,0.03,25,11,27.903141264210593,25.798999786376953,10.196000099182129,-1.5720000267028809,26.77199935913086,10.630000114440918,-1.4240000247955322,0.9729995727539062,0.43400001525878906,0.14800000190734863
000001,0.05,0.03,26,13,25.677078944300487,24.951000213623047,4.9710001945495605,-1.4320000410079956,26.03499984741211,6.063000202178955,-1.2940000295639038,1.0839996337890625,1.0920000076293945,0.1380000114440918
000001,0.05,0.03,27,12,26.581158327921013,26.41900062561035,-3.1589999198913574,-1.3420000076293945,27.26099967956543,-2.6519999504089355,-0.6460000276565552,0.8419990539550781,0.5069999694824219,0.6959999799728394
000001,0.05,0.03,28,11,25.352121280661756,23.990999221801758,7.552999973297119,-1.4229999780654907,24.979000091552734,8.413999557495117,-1.3660000562667847,0.9880008697509766,0.860999584197998,0.056999921798706055
000001,0.05,0.03,29,8,27.925501967805758,27.750999450683594,-3.135999917984009,-1.2000000476837158,28.219999313354492,-2.690000057220459,-0.6899999976158142,0.46899986267089844,0.4459998607635498,0.5100000500679016
000001,0.05,0.03,30,18,4.050769094217689,0.053499999456107616,3.6670000553131104,-1.7930000225702922,1.7209999561309814,4.093000054359436,-1.7730000019073486,1.6674999566748738,0.4259999990463257,0.020000020662943596
000001,0.05,0.03,31,8,30.225090724750476,29.058000564575195,7.485000133514404,-1.347000002861023,29.822999954223633,8.4350004196167,-1.3140000104904175,0.7649993896484375,0.9500002861022949,0.03299999237060547
000001,0.05,0.03,32,11,30.141377553034236,28.22800064086914,10.13599967956543,-1.5579999685287476,29.76099967956543,10.567999839782715,-1.3819999694824219,1.532999038696289,0.43200016021728516,0.17599999904632568
000001,0.05,0.03,33,9,4.2744637150667355,1.5370000004768372,-4.084000110626221,-1.1410000324249268,1.6480000019073486,-3.944000005722046,-1.0709999799728394,0.11100000143051147,0.1400001049041748,0.0700000524520874
000001,0.05,0.03,34,10,27.511985207962184,26.31800079345703,7.513999938964844,-1.4040000438690186,27.249000549316406,8.38599967956543,-1.3530000448226929,0.930999755859375,0.8719997406005859,0.050999999046325684
000001,0.05,0.03,35,8,26.435120164421328,26.3439998626709,-2.259999990463257,-1.465999960899353,27.357999801635742,-1.7380000352859497,-1.2920000553131104,1.0139999389648438,0.5219999551773071,0.17399990558624268
000001,0.05,0.08,0,17389,4.038874370373092,0.0,-11.994999885559082,-1.790499985218048,28.466999053955078,-2.125,1.1169999837875366,28.466999053955078,9.869999885559082,2.9074999690055847
000001,0.05,0.08,1,219,10.225900000017042,0.0020000000949949026,10.211999893188477,-1.9420000314712524,6.443999767303467,11.104999542236328,-1.7929999828338623,6.441999767208472,0.8929996490478516,0.14900004863739014
000001,0.05,0.08,2,331,11.360745772991624,7.783999919891357,7.585000038146973,-1.597000002861023,19.784000396728516,9.262999534606934,-1.4149999618530273,12.000000476837158,1.677999496459961,0.1820000410079956
000001,0.05,0.08,3,487,6.252122546350429,0.010999999940395355,5.038000106811523,-1.659999966621399,21.167999267578125,6.6620001792907715,-1.3550000190734863,21.15699926763773,1.624000072479248,0.3049999475479126
000001,0.05,0.08,4,309,5.220474274673308,0.01600000075995922,5.139999866485596,-1.6586666504542034,9.428000450134277,5.620999813079834,-1.531000018119812,9.412000449374318,0.4809999465942383,0.12766663233439135
000001,0.05,0.08,5,27,20.212676610693187,19.05299949645996,-6.815000057220459,-1.2510000467300415,20.357999801635742,-5.593999862670898,-1.1890000104904175,1.3050003051757812,1.2210001945495605,0.06200003623962402
000001,0.05,0.08,6,87,7.8998045731851825,0.34599998593330383,7.704499959945679,-1.6664999723434448,3.7070000171661377,8.71500015258789,-1.5925000309944153,3.361000031232834,1.010500192642212,0.07399994134902954
000001,0.05,0.08,7,163,8.908592420050537,2.9100000858306885,7.706999778747559,-1.6449999809265137,7.648499965667725,9.302500247955322,-1.5499999523162842,4.738499879837036,1.5955004692077637,0.09500002861022949
000001,0.05,0.08,8,11,30.781352369097306,29.357999801635742,-9.402000427246094,0.30399999022483826,29.97599983215332,-9.062000274658203,0.6850000023841858,0.6180000305175781,0.3400001525878906,0.38100001215934753
000001,0.05,0.08,9,41,13.041106052767496,5.578999996185303,11.567000389099121,-1.8259999752044678,7.9070000648498535,11.887999534606934,-1.7760000228881836,2.328000068664551,0.3209991455078125,0.04999995231628418
000001,0.05,0.08,10,8,13.761275547121624,10.223999977111816,9.196999549865723,-1.5839999914169312,11.055999755859375,9.251999855041504,-1.559999942779541,0.8319997787475586,0.05500030517578125,0.024000048637390137
000001,0.05,0.08,11,15,27.34344069923323,26.889999389648438,4.947000026702881,-1.4140000343322754,27.97100067138672,6.006999969482422,-1.343000054359436,1.0810012817382812,1.059999942779541,0.07099997997283936
000001,0.05,0.08,12,119,12.95171157337638,7.166999816894531,10.263999938964844,-1.8359999656677246,12.97599983215332,10.829000473022461,-1.7309999465942383,5.809000015258789,0.5650005340576172,0.10500001907348633
000001,0.05,0.08,13,10,28.68139679417207,27.226999282836914,-9.29800033569336,0.996999979019165,27.996000289916992,-8.895999908447266,1.190000057220459,0.7690010070800781,0.40200042724609375,0.19300007820129395
000001,0.05,0.08,14,85,11.315111778757002,10.027000427246094,5.048999786376953,-1.5700000524520874,17.29599952697754,5.40500020980835,-1.4550000429153442,7.268999099731445,0.3560004234313965,0.11500000953674316
000001,0.05,0.08,15,41,21.774471144392322,20.24799919128418,7.553999900817871,-1.4919999837875366,23.101999282836914,8.520000457763672,-1.378999948501587,2.8540000915527344,0.9660005569458008,0.11300003528594971
000001,0.05,0.08,16,41,11.605188973061319,0.05100000090897083,11.465999603271484,-1.8760000467300415,1.7920000553131104,11.831999778747559,-1.8320000171661377,1.7410000544041395,0.3660001754760742,0.04400002956390381
000001,0.05,0.08,17,7,20.53855989576334,17.395000457763672,-11.402999877929688,0.41999998688697815,17.945999145507812,-10.880999565124512,0.7739999890327454,0.5509986877441406,0.5220003128051758,0.3540000021457672
000001,0.05,0.08,18,30,12.237242443094932,2.8589999675750732,11.652999877929688,-1.8380000591278076,3.9609999656677246,11.948999881744385,-1.8179999589920044,1.1019999980926514,0.29600000381469727,0.020000100135803223
000001,0.05,0.08,19,8,17.335805770357204,13.812999725341797,10.36400032043457,-1.7410000562667847,14.331999778747559,10.67199993133545,-1.5549999475479126,0.5190000534057617,0.3079996109008789,0.18600010871887207
000001,0.05,0.08,20,37,22.23249830974787,21.37299919128418,4.994999885559082,-1.4819999933242798,24.3439998626709,6.122000217437744,-1.315000057220459,2.9710006713867188,1.127000331878662,0.1669999361038208
000001,0.05,0.08,21,23,29.872677028568383,29.233999252319336,-6.515999794006348,-1.1469999551773071,29.982999801635742,-4.74399995803833,-0.7739999890327454,0.7490005493164062,1.7719998359680176,0.37299996614456177
000001,0.05,0.08,22,11,24.93880454263643,24.760000228881836,-3.130000114440918,-1.3569999933242798,25.479999542236328,-2.1459999084472656,-0.9120000004768372,0.7199993133544922,0.9840002059936523,0.4449999928474426
000001,0.05,0.08,23,19,25.49568604341366,24.951000213623047,4.9710001945495605,-1.4359999895095825,26.437999725341797,6.063000202178955,-1.2940000295639038,1.48699951171875,1.0920000076293945,0.1419999599456787
000001,0.05,0.08,24,12,26.581158327921013,26.41900062561035,-3.1589999198913574,-1.3420000076293945,27.26099967956543,-2.6519999504089355,-0.6460000276565552,0.8419990539550781,0.5069999694824219,0.6959999799728394
000001,0.05,0.08,25,11,25.352121280661756,23.990999221801758,7.552999973297119,-1.4229999780654907,24.979000091552734,8.413999557495117,-1.3660000562667847,0.9880008697509766,0.860999584197998,0.056999921798706055
000001,0.05,0.08,26,8,27.925501967805758,27.750999450683594,-3.135999917984009,-1.2000000476837158,28.219999313354492,-2.690000057220459,-0.6899999976158142,0.46899986267089844,0.4459998607635498,0.5100000500679016
000001,0.05,0.08,27,8,30.225090724750476,29.058000564575195,7.485000133514404,-1.347000002861023,29.822999954223633,8.4350004196167,-1.3140000104904175,0.7649993896484375,0.9500002861022949,0.03299999237060547
000001,0.05,0.08,28,9,4.2744637150667355,1.5370000004768372,-4.084000110626221,-1.1410000324249268,1.6480000019073486,-3.944000005722046,-1.0709999799728394,0.11100000143051147,0.1400001049041748,0.0700000524520874
000001,0.05,0.08,29,10,27.511985207962184,26.31800079345703,7.513999938964844,-1.4040000438690186,27.249000549316406,8.38599967956543,-1.3530000448226929,0.930999755859375,0.8719997406005859,0.050999999046325684
000001,0.05,0.3,0,1482,5.084856347589632,2.8515000343322754,-4.708000183105469,-1.3799999952316284,21.975000381469727,-2.5250000953674316,-0.210999995470047,19.12350034713745,2.183000087738037,1.1689999997615814
000001,0.05,0.3,1,11695,7.68527991280707,0.0020000000949949026,-11.994999885559082,-1.3880000114440918,28.466999053955078,-5.5229997634887695,1.1169999837875366,28.464999053860083,6.4720001220703125,2.5049999952316284
000001,0.05,0.3,2,20,20.212676610693187,19.05299949645996,-6.815000057220459,-1.2300000190734863,19.961000442504883,-5.925000190734863,-1.1890000104904175,0.9080009460449219,0.8899998664855957,0.04100000858306885
000001,0.05,0.3,3,23,22.303397222591133,22.138999938964844,-3.131999969482422,-1.1990000009536743,24.475000381469727,-2.5920000076293945,-0.6899999976158142,2.336000442504883,0.5399999618530273,0.5090000033378601
000001,0.05,0.3,4,18,22.288256837877327,21.31999969482422,-7.10699987411499,-1.2120000123977661,22.06999969482422,-6.013000011444092,-1.1759999990463257,0.75,1.0939998626708984,0.03600001335144043
000001,0.05,0.3,5,11,30.781352369097306,29.357999801635742,-9.402000427246094,0.30399999022483826,29.97599983215332,-9.062000274658203,0.6850000023841858,0.6180000305175781,0.3400001525878906,0.38100001215934753
000001,0.05,0.3,6,10,28.68139679417207,27.226999282836914,-9.29800033569336,0.996999979019165,27.996000289916992,-8.895999908447266,1.190000057220459,0.7690010070800781,0.40200042724609375,0.19300007820129395
000001,0.05,0.3,7,7,20.53855989576334,17.395000457763672,-11.402999877929688,0.41999998688697815,17.945999145507812,-10.880999565124512,0.7739999890327454,0.5509986877441406,0.5220003128051758,0.3540000021457672
000001,0.05,0.3,8,23,29.872677028568383,29.233999252319336,-6.515999794006348,-1.1469999551773071,29.982999801635742,-4.74399995803833,-0.7739999890327454,0.7490005493164062,1.7719998359680176,0.37299996614456177
000001,0.05,0.3,9,9,4.2744637150667355,1.5370000004768372,-4.084000110626221,-1.1410000324249268,1.6480000019073486,-3.944000005722046,-1.0709999799728394,0.11100000143051147,0.1400001049041748,0.0700000524520874
000001,0.1,0.03,0,12041,3.980364938056005,0.0,-11.994999885559082,-1.8609999418258667,27.295000076293945,-1.4919999837875366,1.1169999837875366,27.295000076293945,10.502999901771545,2.9779999256134033
000001,0.1,0.03,1,1857,5.227735757243193,0.010999999940395355,4.790499925613403,-1.8049999475479126,24.3439998626709,9.520000457763672,-1.315000057220459,24.332999862730503,4.7295005321502686,0.4899998903274536
000001,0.1,0.03,2,437,10.231570458438641,0.01899999927263707,10.218000411987305,-1.9420000314712524,19.183000564575195,11.831999778747559,-1.5180000066757202,19.16400056530256,1.613999366760254,0.4240000247955322
000001,0.1,0.03,3,20,29.872677028568383,29.23799991607666,-6.515999794006348,-1.1469999551773071,29.982999801635742,-4.74399995803833,-1.125,0.744999885559082,1.7719998359680176,0.02199995517730713
000001,0.1,0.03,4,9,27.392808538212645,27.246000289916992,-3.1589999198913574,-1.2000000476837158,28.219999313354492,-2.684000015258789,-0.671999990940094,0.9739990234375,0.47499990463256836,0.5280000567436218
000001,0.1,0.03,5,16,22.449854657934175,19.756999969482422,10.218999862670898,-1.6519999504089355,20.77400016784668,10.67300033569336,-1.4910000562667847,1.0170001983642578,0.45400047302246094,0.16099989414215088
000001,0.1,0.03,6,11,30.781352369097306,29.357999801635742,-9.402000427246094,0.30399999022483826,29.97599983215332,-9.062000274658203,0.6850000023841858,0.6180000305175781,0.3400001525878906,0.38100001215934753
000001,0.1,0.03,7,87,5.936830988610706,5.436999956766765,-0.2995000034570694,-1.6603333155314128,6.886999845504761,2.514666716257731,-1.6390000581741333,1.4499998887379961,2.8141667197148004,0.021333257357279534
000001,0.1,0.03,8,6,20.53855989576334,17.395000457763672,-11.402999877929688,0.41999998688697815,17.92799949645996,-10.880999565124512,0.7739999890327454,0.5329990386962891,0.5220003128051758,0.3540000021457672
000001,0.1,0.03,9,11,28.078787167051637,25.9950008392334,10.196000099182129,-1.5705000162124634,27.25,10.614999771118164,-1.4240000247955322,1.2549991607666016,0.41899967193603516,0.14649999141693115
000001,0.1,0.03,10,9,26.549570865422265,26.510000228881836,0.9100000262260437,-1.4450000524520874,26.5939998626709,1.7050000429153442,-1.440000057220459,0.0839996337890625,0.7950000166893005,0.004999995231628418
000001,0.1,0.03,11,26,4.0233853435123255,0.02379999994300306,3.539500037829081,-1.7914000272750854,1.9130000273386638,4.1121110916137695,-1.7599999904632568,1.8892000273956608,0.5726110537846885,0.03140003681182857
000001,0.1,0.03,12,12,24.28739170330757,21.840999603271484,10.20550012588501,-1.6269999742507935,22.539999961853027,10.656999588012695,-1.468999981880188,0.699000358581543,0.45149946212768555,0.15799999237060547
000001,0.1,0.03,13,10,28.68139679417207,27.226999282836914,-9.29800033569336,0.996999979019165,27.996000289916992,-8.895999908447266,1.190000057220459,0.7690010070800781,0.40200042724609375,0.19300007820129395
000001,0.1,0.03,14,10,24.93880454263643,24.760000228881836,-3.130000114440918,-1.3569999933242798,25.479999542236328,-2.1459999084472656,-0.9120000004768372,0.7199993133544922,0.9840002059936523,0.4449999928474426
000001,0.1,0.03,15,19,25.49568604341366,24.951000213623047,4.9710001945495605,-1.4359999895095825,26.437999725341797,6.063000202178955,-1.2940000295639038,1.48699951171875,1.0920000076293945,0.1419999599456787
000001,0.1,0.03,16,33,27.93088757248355,27.097999572753906,-7.368000030517578,-1.0759999752044678,28.466999053955078,-6.295000076293945,-0.1979999989271164,1.3689994812011719,1.0729999542236328,0.8779999762773514
000001,0.1,0.03,17,27,13.041106052767496,5.584000110626221,11.42300033569336,-1.8259999752044678,7.908999919891357,11.874499797821045,-1.7680000066757202,2.3249998092651367,0.45149946212768555,0.05799996852874756
000001,0.1,0.03,18,18,20.22388522102467,19.05299949645996,-6.7815001010894775,-1.2510000467300415,20.357999801635742,-5.593999862670898,-1.1895000338554382,1.3050003051757812,1.187500238418579,0.06150001287460327
000001,0.1,0.03,19,19,12.08429687218531,2.5190000534057617,11.652999877929688,-1.8360000054041545,3.9609999656677246,11.96399974822998,-1.7940000295639038,1.441999912261963,0.31099987030029297,0.041999975840250725
000001,0.1,0.03,20,14,27.363618215097393,26.901999473571777,4.947000026702881,-1.4140000343322754,27.97100067138672,6.006999969482422,-1.3440000414848328,1.0690011978149414,1.059999942779541,0.06999999284744263
000001,0.1,0.03,21,10,28.66923809880131,28.64699935913086,0.7250000238418579,-1.4229999780654907,28.708999633789062,1.809999942779541,-1.4179999828338623,0.062000274658203125,1.084999918937683,0.004999995231628418
000001,0.1,0.03,22,20,15.85636472394301,10.621500015258789,11.574999809265137,-1.7640000581741333,12.868000030517578,11.783999919891357,-1.6799999475479126,2.246500015258789,0.2090001106262207,0.0840001106262207
000001,0.1,0.03,23,10,26.581158327921013,26.41900062561035,-3.121999979019165,-1.3420000076293945,27.19300079345703,-2.6519999504089355,-0.6460000276565552,0.7740001678466797,0.4700000286102295,0.6959999799728394
000001,0.1,0.03,24,10,25.352121280661756,23.990999221801758,7.552999973297119,-1.4229999780654907,24.979000091552734,8.413999557495117,-1.3660000562667847,0.9880008697509766,0.860999584197998,0.056999921798706055
000001,0.1,0.03,25,9,30.55676595640719,28.68400001525879,10.13599967956543,-1.5579999685287476,29.76099967956543,10.550000190734863,-1.3819999694824219,1.0769996643066406,0.4140005111694336,0.17599999904632568
000001,0.1,0.03,26,12,25.695926977034542,23.399999618530273,10.230500221252441,-1.6039999723434448,24.73900032043457,10.633999824523926,-1.4429999589920044,1.3390007019042969,0.4034996032714844,0.16100001335144043
000001,0.1,0.03,27,10,18.452899616333298,16.016000747680664,9.16100025177002,-1.559000015258789,17.29400062561035,9.182000160217285,-1.475000023841858,1.2779998779296875,0.020999908447265625,0.08399999141693115
000001,0.1,0.03,28,10,27.511985207962184,26.31800079345703,7.513999938964844,-1.4040000438690186,27.249000549316406,8.38599967956543,-1.3530000448226929,0.930999755859375,0.8719997406005859,0.050999999046325684
000001,0.1,0.03,29,6,19.692692424836018,17.43000030517578,9.156999588012695,-1.5440000295639038,18.0939998626709,9.190999984741211,-1.4919999837875366,0.6639995574951172,0.034000396728515625,0.05200004577636719
000001,0.1,0.08,0,11855,4.039950603907879,0.0,-11.994999885559082,-1.790499985218048,27.295000076293945,-2.1600000858306885,1.1169999837875366,27.295000076293945,9.834999799728394,2.9074999690055847
000001,0.1,0.08,1,50,8.917998708458954,4.101499915122986,7.7176666259765625,-1.6209999918937683,6.896999994913737,8.704999923706055,-1.5673333406448364,2.7955000797907514,0.9873332977294922,0.053666651248931885
000001,0.1,0.08,2,264,10.231570458438641,0.01899999927263707,10.218000411987305,-1.9420000314712524,13.916999816894531,11.104999542236328,-1.7059999704360962,13.897999817621894,0.8869991302490234,0.23600006103515625
000001,0.1,0.08,3,20,29.872677028568383,29.23799991607666,-6.515999794006348,-1.1469999551773071,29.982999801635742,-4.74399995803833,-1.125,0.744999885559082,1.7719998359680176,0.02199995517730713
000001,0.1,0.08,4,243,6.250450520018493,0.010999999940395355,6.033999919891357,-1.6449999809265137,18.285999298095703,6.6620001792907715,-1.3739999532699585,18.274999298155308,0.6280002593994141,0.2710000276565552
000001,0.1,0.08,5,9,27.392808538212645,27.246000289916992,-3.1589999198913574,-1.2000000476837158,28.219999313354492,-2.684000015258789,-0.671999990940094,0.9739990234375,0.47499990463256836,0.5280000567436218
000001,0.1,0.08,6,11,30.781352369097306,29.357999801635742,-9.402000427246094,0.30399999022483826,29.97599983215332,-9.062000274658203,0.6850000023841858,0.6180000305175781,0.3400001525878906,0.38100001215934753
000001,0.1,0.08,7,103,12.791046116526141,9.780499935150146,7.616000175476074,-1.5640000104904175,15.673999786376953,9.187000274658203,-1.4509999752044678,5.893499851226807,1.571000099182129,0.11300003528594971
000001,0.1,0.08,8,6,20.53855989576334,17.395000457763672,-11.402999877929688,0.41999998688697815,17.92799949645996,-10.880999565124512,0.7739999890327454,0.5329990386962891,0.5220003128051758,0.3540000021457672
000001,0.1,0.08,9,26,11.400522218062463,7.783999919891357,7.683000087738037,-1.5859999656677246,9.57699966430664,8.659000396728516,-1.5304999947547913,1.7929997444152832,0.9760003089904785,0.05549997091293335
000001,0.1,0.08,10,10,28.68139679417207,27.226999282836914,-9.29800033569336,0.996999979019165,27.996000289916992,-8.895999908447266,1.190000057220459,0.7690010070800781,0.40200042724609375,0.19300007820129395
000001,0.1,0.08,11,10,24.93880454263643,24.760000228881836,-3.130000114440918,-1.3569999933242798,25.479999542236328,-2.1459999084472656,-0.9120000004768372,0.7199993133544922,0.9840002059936523,0.4449999928474426
000001,0.1,0.08,12,15,20.14144693245721,18.582000732421875,7.593999862670898,-1.4769999980926514,19.48200035095215,8.5169997215271,-1.4149999618530273,0.8999996185302734,0.9229998588562012,0.06200003623962402
000001,0.1,0.08,13,12,25.49568604341366,24.951000213623047,4.9710001945495605,-1.4149999618530273,26.03499984741211,6.063000202178955,-1.2940000295639038,1.0839996337890625,1.0920000076293945,0.12099993228912354
000001,0.1,0.08,14,120,5.242734281390049,0.03233333366612593,5.14633321762085,-1.6449999809265137,7.815000057220459,5.477499961853027,-1.5486666758855183,7.782666723554333,0.33116674423217773,0.09633330504099535
000001,0.1,0.08,15,14,22.982149765437445,21.649999618530273,7.573999881744385,-1.4429999589920044,22.482999801635742,8.501999855041504,-1.378999948501587,0.8330001831054688,0.9279999732971191,0.06400001049041748
000001,0.1,0.08,16,33,27.93088757248355,27.097999572753906,-7.368000030517578,-1.0759999752044678,28.466999053955078,-6.295000076293945,-0.1979999989271164,1.3689994812011719,1.0729999542236328,0.8779999762773514
000001,0.1,0.08,17,15,21.774471144392322,20.24799919128418,7.5980000495910645,-1.468000054359436,21.16699981689453,8.520000457763672,-1.402999997138977,0.9190006256103516,0.9220004081726074,0.06500005722045898
000001,0.1,0.08,18,27,13.041106052767496,5.584000110626221,11.42300033569336,-1.8259999752044678,7.908999919891357,11.874499797821045,-1.7680000066757202,2.3249998092651367,0.45149946212768555,0.05799996852874756
000001,0.1,0.08,19,31,17.92480551597826,16.016333262125652,7.591000080108643,-1.50600004196167,18.072999954223633,8.511000156402588,-1.4270000457763672,2.0566666920979806,0.9200000762939453,0.07899999618530273
000001,0.1,0.08,20,46,11.317217924599555,10.027000427246094,5.091000080108643,-1.5499999523162842,15.217000007629395,5.36899995803833,-1.4739999771118164,5.189999580383301,0.2779998779296875,0.07599997520446777
000001,0.1,0.08,21,18,20.22388522102467,19.05299949645996,-6.7815001010894775,-1.2510000467300415,20.357999801635742,-5.593999862670898,-1.1895000338554382,1.3050003051757812,1.187500238418579,0.06150001287460327
000001,0.1,0.08,22,8,21.8095999416791,20.937999725341797,6.015999794006348,-1.4479999542236328,22.089000701904297,6.122000217437744,-1.340999960899353,1.1510009765625,0.10600042343139648,0.10699999332427979
000001,0.1,0.08,23,17,12.237242443094932,2.8429999351501465,11.652999877929688,-1.8360000054041545,3.9609999656677246,11.96399974822998,-1.8179999589920044,1.1180000305175781,0.31099987030029297,0.01800004641215014
000001,0.1,0.08,24,13,27.363618215097393,26.901999473571777,4.947000026702881,-1.3990000486373901,27.742000579833984,6.006999969482422,-1.3440000414848328,0.840001106262207,1.059999942779541,0.05500000715255737
000001,0.1,0.08,25,10,18.16252051625048,14.717000007629395,10.336000442504883,-1.7269999980926514,15.279999732971191,10.670999526977539,-1.6955000162124634,0.5629997253417969,0.33499908447265625,0.03149998188018799
000001,0.1,0.08,26,9,19.138933097652675,15.887999534606934,10.293000221252441,-1.6990000009536743,16.358999252319336,10.70300006866455,-1.6799999475479126,0.47099971771240234,0.4099998474121094,0.01900005340576172
000001,0.1,0.08,27,23,11.605188973061319,0.03200000151991844,11.465999603271484,-1.875,1.7920000553131104,11.831999778747559,-1.8320000171661377,1.760000053793192,0.3660001754760742,0.042999982833862305
000001,0.1,0.08,28,10,26.581158327921013,26.41900062561035,-3.121999979019165,-1.3420000076293945,27.19300079345703,-2.6519999504089355,-0.6460000276565552,0.7740001678466797,0.4700000286102295,0.6959999799728394
000001,0.1,0.08,29,10,25.352121280661756,23.990999221801758,7.552999973297119,-1.4229999780654907,24.979000091552734,8.413999557495117,-1.3660000562667847,0.9880008697509766,0.860999584197998,0.056999921798706055
000001,0.1,0.08,30,15,8.173363534456133,1.1990000009536743,7.822999954223633,-1.6469999849796295,2.390250086784363,8.543999910354614,-1.6297500133514404,1.1912500858306885,0.7209999561309814,0.017249971628189087
000001,0.1,0.08,31,9,20.358743831484208,17.36199951171875,10.289999961853027,-1.6929999589920044,17.858999252319336,10.631999969482422,-1.6699999570846558,0.49699974060058594,0.34200000762939453,0.023000001907348633
000001,0.1,0.08,32,10,27.511985207962184,26.31800079345703,7.513999938964844,-1.4040000438690186,27.249000549316406,8.38599967956543,-1.3530000448226929,0.930999755859375,0.8719997406005859,0.050999999046325684
000001,0.1,0.3,0,8485,7.699940677657749,0.003000000026077032,-11.994999885559082,-1.3812499940395355,26.770000457763672,-5.677999973297119,1.1169999837875366,26.767000457737595,6.316999912261963,2.498249977827072
000001,0.1,0.3,1,849,5.084856347589632,2.8489999771118164,-4.697999954223633,-1.375600028038025,21.975000381469727,-2.5250000953674316,-0.23374999687075615,19.12600040435791,2.172999858856201,1.1418500311672688
000001,0.1,0.3,2,18,29.872677028568383,29.23799991607666,-6.515999794006348,-1.1440000534057617,29.915000915527344,-4.829999923706055,-1.125,0.6770009994506836,1.685999870300293,0.01900005340576172
000001,0.1,0.3,3,11,30.781352369097306,29.357999801635742,-9.402000427246094,0.30399999022483826,29.97599983215332,-9.062000274658203,0.6850000023841858,0.6180000305175781,0.3400001525878906,0.38100001215934753
000001,0.1,0.3,4,6,20.53855989576334,17.395000457763672,-11.402999877929688,0.41999998688697815,17.92799949645996,-10.880999565124512,0.7739999890327454,0.5329990386962891,0.5220003128051758,0.3540000021457672
000001,0.1,0.3,5,10,28.68139679417207,27.226999282836914,-9.29800033569336,0.996999979019165,27.996000289916992,-8.895999908447266,1.190000057220459,0.7690010070800781,0.40200042724609375,0.19300007820129395
000001,0.1,0.3,6,33,27.93088757248355,27.097999572753906,-7.368000030517578,-1.0759999752044678,28.466999053955078,-6.295000076293945,-0.1979999989271164,1.3689994812011719,1.0729999542236328,0.8779999762773514
000001,0.1,0.3,7,12,20.22388522102467,19.05299949645996,-6.7815001010894775,-1.2269999980926514,19.88200092315674,-6.00350022315979,-1.1895000338554382,0.8290014266967773,0.7779998779296875,0.037499964237213135
000001,0.1,0.3,8,23,22.303397222591133,22.138999938964844,-3.131999969482422,-1.1990000009536743,24.475000381469727,-2.5920000076293945,-0.6899999976158142,2.336000442504883,0.5399999618530273,0.5090000033378601
000001,0.1,0.3,9,13,22.288256837877327,21.31999969482422,-7.019999980926514,-1.2089999914169312,22.003000259399414,-6.068999767303467,-1.1759999990463257,0.6830005645751953,0.9510002136230469,0.03299999237060547
000001,0.3,0.03,0,382,19.612824162510805,17.721999486287434,-10.21500015258789,-1.3370000123977661,26.603500366210938,-6.443999767303467,1.0570000410079956,8.881500879923504,3.771000385284424,2.3940000534057617
000001,0.3,0.03,1,2693,4.017940983858082,0.004000000189989805,-11.954000473022461,-1.774999976158142,20.493000030517578,-1.4759999811649323,0.906000018119812,20.48900003032759,10.478000491857529,2.680999994277954
000001,0.3,0.03,2,11,26.766977402764226,24.131000518798828,-11.614999771118164,0.4860000014305115,25.275999069213867,-10.979000091552734,0.9639999866485596,1.144998550415039,0.6359996795654297,0.4779999852180481
000001,0.3,0.03,3,24,22.005098146685462,21.895999908447266,-3.4149999618530273,-1.4509999752044678,23.808499336242676,-2.125,-0.6935000121593475,1.9124994277954102,1.2899999618530273,0.7574999630451202
000001,0.3,0.03,4,77,12.546541280096,9.780666669209799,7.617666562398274,-1.618749976158142,15.870500087738037,9.181666692097982,-1.4549999833106995,6.089833418528238,1.564000129699708,0.16374999284744263
000001,0.3,0.03,5,203,5.689583726476743,2.214285680225917,5.07366665204366,-1.6865000079075496,15.529857226780482,6.749000072479248,-1.4110000133514404,13.315571546554565,1.6753334204355879,0.2754999945561092
000001,0.3,0.03,6,14,28.718265770405434,27.975500106811523,-7.368000030517578,-1.0744999647140503,28.466999053955078,-6.3460001945495605,-0.1979999989271164,0.4914989471435547,1.0219998359680176,0.8764999657869339
000001,0.3,0.03,7,18,13.056743792510618,7.514199995994568,10.305999755859375,-1.8302857194628035,9.886899852752686,10.776923032907339,-1.719700002670288,2.3726998567581177,0.4709232770479641,0.1105857167925155
000001,0.3,0.03,8,21,20.73747988928154,20.62299919128418,-3.5134999752044678,-1.4859999418258667,21.975000381469727,-2.1740000247955322,-0.7269999980926514,1.3520011901855469,1.3394999504089355,0.7589999437332153
000001,0.3,0.03,9,14,7.640520376856735,0.07383333328956117,7.585923048166128,-1.7896923010165875,1.5011351301863387,8.711857114519391,-1.6490000188350677,1.4273017968967776,1.1259340663532633,0.14069228218151975
000001,0.3,0.03,10,42,10.275110187281792,0.06716666677190612,10.260499954223633,-1.9337499737739563,3.927000045776367,11.383999824523926,-1.7773000001907349,3.859833379004461,1.123499870300293,0.15644997358322144
000001,0.3,0.03,11,8,24.329247705189157,21.871000289916992,10.221333503723145,-1.6229999860127766,22.481333414713543,10.656999588012695,-1.4739999771118164,0.6103331247965507,0.4356660842895508,0.1490000089009602
000001,0.3,0.03,12,8,21.145654955267936,18.2810001373291,10.318499565124512,-1.668500006198883,19.14050006866455,10.675000190734863,-1.5180000066757202,0.8594999313354492,0.35650062561035156,0.15049999952316284
000001,0.3,0.03,13,10,19.984280388082563,16.927000045776367,10.289999961853027,-1.6929999589920044,17.858999252319336,10.676499843597412,-1.531999945640564,0.9319992065429688,0.38649988174438477,0.16100001335144043
000001,0.3,0.03,14,32,8.719486832355397,3.603399968147278,7.599500020345052,-1.7481666803359985,6.614705927231732,8.965999603271484,-1.590499997138977,3.011305959084454,1.3664995829264326,0.15766668319702148
000001,0.3,0.03,15,20,7.554852226093343,1.8029999981323879,7.153416633605957,-1.7845714262553625,3.3191538774050198,8.752999941507975,-1.6432000041007995,1.516153879272632,1.5995833079020176,0.141371422154563
000001,0.3,0.03,16,18,25.349421569164157,23.416000366210938,-10.814000129699707,-0.1679999977350235,24.58300018310547,-9.6080002784729,0.9394999742507935,1.1669998168945312,1.2059998512268066,1.107499971985817
000001,0.3,0.03,17,14,20.71484673682959,19.802000045776367,5.0274999141693115,-1.5110000371932983,21.270499229431152,6.11050009727478,-1.3700000047683716,1.4684991836547852,1.0830001831054688,0.14100003242492676
000001,0.3,0.03,18,11,17.275876199403193,16.167250156402588,5.04449987411499,-1.5520000457763672,17.34819984436035,6.123499870300293,-1.4483333428700764,1.1809496879577637,1.0789999961853027,0.10366670290629076
000001,0.3,0.03,19,8,17.73654463216618,16.500999927520752,-6.5040000677108765,-1.2640000184377034,17.298999786376953,-5.826000213623047,-1.221750020980835,0.7979998588562012,0.6779998540878296,0.042249997456868416
000001,0.3,0.03,20,7,21.234786564914153,18.895999908447266,-9.865000247955322,-0.5009999871253967,19.735000610351562,-9.53600025177002,0.03700000047683716,0.8390007019042969,0.32899999618530273,0.5379999876022339
000001,0.3,0.03,21,5,22.288256837877327,21.31999969482422,-7.10699987411499,-1.2109999656677246,21.719999313354492,-6.346750020980835,-1.1759999990463257,0.39999961853027344,0.7602498531341553,0.034999966621398926
000001,0.3,0.03,22,10,18.267964689411816,16.492000579833984,-8.127500057220459,-1.1990000009536743,17.79800033569336,-7.5920000076293945,-0.8493333260218302,1.305999755859375,0.5355000495910645,0.3496666749318441
000001,0.3,0.03,23,13,11.579612269202547,4.200777769088745,10.459500312805176,-1.8502499759197235,5.716100025177002,10.829625010490417,-1.7554999887943268,1.5153222560882567,0.3701246976852417,0.09474998712539673
000001,0.3,0.03,24,8,22.569444646835016,19.895999908447266,10.218999862670898,-1.6494999527931213,20.695500373840332,10.669000148773193,-1.4955000281333923,0.7995004653930664,0.4500002861022949,0.153999924659729
000001,0.3,0.03,25,7,19.5981680867924,18.624666213989258,5.5279998779296875,-1.5190000534057617,19.488499641418457,6.132999897003174,-1.4160000085830688,0.8638334274291992,0.6050000190734863,0.10300004482269287
000001,0.3,0.03,26,11,18.162849864052845,16.21066665649414,7.613250017166138,-1.540499985218048,17.951499938964844,8.439500093460083,-1.4449999928474426,1.7408332824707031,0.8262500762939453,0.09549999237060547
000001,0.3,0.03,27,5,12.234411669416337,9.057642936706543,7.685666720072429,-1.6147000074386597,9.6,8.368071351732526,-1.5336666504542034,0.5423570632934567,0.6824046316600976,0.08103335698445635
000001,0.3,0.03,28,4,11.649582471643614,8.728600120544433,7.710666497548421,-1.6179999907811482,9.306250015894571,7.722500006357829,-1.5356666644414265,0.5776498953501381,0.011833508809408144,0.08233332633972168
000001,0.3,0.03,29,8,10.576110867670657,7.186428478785923,7.716714348111834,-1.647000014781952,7.909333388010661,8.653800201416015,-1.5765000184377034,0.7229049092247379,0.9370858533041808,0.07049999634424853
000001,0.3,0.08,0,382,19.612824162510805,17.721999486287434,-10.21500015258789,-1.3370000123977661,26.603500366210938,-6.443999767303467,1.0570000410079956,8.881500879923504,3.771000385284424,2.3940000534057617
000001,0.3,0.08,1,2647,4.171754711603719,0.004000000189989805,-11.954000473022461,-1.774999976158142,20.493000030517578,-2.2960000038146973,0.906000018119812,20.48900003032759,9.658000469207764,2.680999994277954
000001,0.3,0.08,2,11,26.766977402764226,24.131000518798828,-11.614999771118164,0.4860000014305115,25.275999069213867,-10.979000091552734,0.9639999866485596,1.144998550415039,0.6359996795654297,0.4779999852180481
000001,0.3,0.08,3,23,22.005098146685462,21.895999908447266,-3.4149999618530273,-1.4295000433921814,23.808499336242676,-2.1399999856948853,-0.6935000121593475,1.9124994277954102,1.274999976158142,0.7360000312328339
000001,0.3,0.08,4,19,12.826676035538235,9.780666669209799,7.64900004863739,-1.5727999925613403,12.034856796264648,8.633999824523926,-1.5019999742507935,2.2541901270548497,0.9849997758865356,0.07080001831054683
000001,0.3,0.08,5,14,28.718265770405434,27.975500106811523,-7.368000030517578,-1.0744999647140503,28.466999053955078,-6.3460001945495605,-0.1979999989271164,0.4914989471435547,1.0219998359680176,0.8764999657869339
000001,0.3,0.08,6,18,20.925692236805663,20.674999237060547,-3.5134999752044678,-1.3950000206629436,21.975000381469727,-2.3796666463216147,-0.7269999980926514,1.3000011444091797,1.133833328882853,0.6680000225702922
000001,0.3,0.08,7,19,10.676870887399614,1.7926666604148016,10.29800033569336,-1.893999993801117,3.927000045776367,11.104999542236328,-1.7975555658340454,2.1343333853615656,0.8069992065429688,0.09644442796707153
000001,0.3,0.08,8,12,12.963703780732887,11.391499996185303,6.0874998569488525,-1.5460000038146973,13.225250005722046,6.187999963760376,-1.4459999799728394,1.8337500095367432,0.10050010681152344,0.10000002384185791
000001,0.3,0.08,9,18,25.349421569164157,23.416000366210938,-10.814000129699707,-0.1679999977350235,24.58300018310547,-9.6080002784729,0.9394999742507935,1.1669998168945312,1.2059998512268066,1.107499971985817
000001,0.3,0.08,10,8,16.155414727306642,13.89900016784668,7.63866662979126,-1.530999978383382,14.988333066304525,8.567000389099121,-1.4737499952316284,1.0893328984578456,0.9283337593078613,0.05724998315175367
000001,0.3,0.08,11,8,11.317217924599555,10.027000427246094,5.148499965667725,-1.5390000343322754,11.026333491007486,5.285999774932861,-1.5190000534057617,0.9993330637613926,0.13749980926513672,0.019999980926513672
000001,0.3,0.08,12,8,17.73654463216618,16.500999927520752,-6.5040000677108765,-1.2640000184377034,17.298999786376953,-5.826000213623047,-1.221750020980835,0.7979998588562012,0.6779998540878296,0.042249997456868416
000001,0.3,0.08,13,10,10.275110187281792,0.06716666677190612,10.260499954223633,-1.9337499737739563,1.1797777944140964,10.862800121307373,-1.8650000095367432,1.1126111276421902,0.6023001670837402,0.06874996423721313
000001,0.3,0.08,14,7,21.234786564914153,18.895999908447266,-9.865000247955322,-0.5009999871253967,19.735000610351562,-9.53600025177002,0.03700000047683716,0.8390007019042969,0.32899999618530273,0.5379999876022339
000001,0.3,0.08,15,5,22.288256837877327,21.31999969482422,-7.10699987411499,-1.2109999656677246,21.719999313354492,-6.346750020980835,-1.1759999990463257,0.39999961853027344,0.7602498531341553,0.034999966621398926
000001,0.3,0.08,16,14,14.781858188840932,13.437750101089478,6.106333414713542,-1.5230000019073486,15.315500100453695,6.605500102043152,-1.4110000133514404,1.8777499993642177,0.4991666873296099,0.1119999885559082
000001,0.3,0.08,17,10,18.267964689411816,16.492000579833984,-8.127500057220459,-1.1990000009536743,17.79800033569336,-7.5920000076293945,-0.8493333260218302,1.305999755859375,0.5355000495910645,0.3496666749318441
000001,0.3,0.08,18,8,15.347731420484193,12.915714263916016,7.646999835968018,-1.5429999828338623,13.849714279174805,8.604000091552734,-1.491285732814244,0.9340000152587891,0.9570002555847168,0.05171425001961838
000001,0.3,0.08,19,8,11.611283686138947,4.622000217437744,10.459500312805176,-1.8502499759197235,5.403249979019165,10.816499948501587,-1.7949999868869781,0.7812497615814209,0.35699963569641113,0.05524998903274536
000001,0.3,0.3,0,364,19.612824162510805,17.721999486287434,-10.21500015258789,-1.1890000104904175,26.603500366210938,-6.443999767303467,1.0570000410079956,8.881500879923504,3.771000385284424,2.246000051498413
000001,0.3,0.3,1,1780,7.9542927150253675,0.004000000189989805,-11.954000473022461,-1.350384602179894,18.242499351501465,-6.580399894714356,0.906000018119812,18.238499351311475,5.373600578308105,2.256384620299706
000001,0.3,0.3,2,11,26.766977402764226,24.131000518798828,-11.614999771118164,0.4860000014305115,25.275999069213867,-10.979000091552734,0.9639999866485596,1.144998550415039,0.6359996795654297,0.4779999852180481
000001,0.3,0.3,3,187,6.772715715957043,5.396675664025384,-4.373666604359944,-1.2450000047683716,20.493000030517578,-2.5250000953674316,-0.7160000205039978,15.096324366492194,1.8486665089925127,0.5289999842643738
000001,0.3,0.3,4,14,28.718265770405434,27.975500106811523,-7.368000030517578,-1.0744999647140503,28.466999053955078,-6.3460001945495605,-0.1979999989271164,0.4914989471435547,1.0219998359680176,0.8764999657869339
000001,0.3,0.3,5,9,20.925692236805663,20.674999237060547,-3.2300000190734863,-0.9800000190734863,21.589333216349285,-2.7320000330607095,-0.7269999980926514,0.9143339792887382,0.49799998601277684,0.25300002098083496
000001,0.3,0.3,6,18,25.349421569164157,23.416000366210938,-10.814000129699707,-0.1679999977350235,24.58300018310547,-9.6080002784729,0.9394999742507935,1.1669998168945312,1.2059998512268066,1.107499971985817
000001,0.3,0.3,7,23,5.186499664622901,2.8489999771118164,-4.676750063896179,-1.3292777604526944,4.2081515283295605,-4.015999794006348,-0.2759999930858612,1.3591515512177441,0.6607502698898315,1.0532777673668332
000001,0.3,0.3,8,7,21.234786564914153,18.895999908447266,-9.865000247955322,-0.5009999871253967,19.735000610351562,-9.53600025177002,0.03700000047683716,0.8390007019042969,0.32899999618530273,0.5379999876022339
000001,0.3,0.3,9,10,18.267964689411816,16.492000579833984,-8.127500057220459,-1.1990000009536743,17.79800033569336,-7.5920000076293945,-0.8493333260218302,1.305999755859375,0.5355000495910645,0.3496666749318441
000001,0.3,0.3,10,8,23.095230422401862,22.93199920654297,-3.13100004196167,-1.1540000438690186,23.808499336242676,-2.671999931335449,-0.6935000121593475,0.876500129699707,0.4590001106262207,0.460500031709671
000011,0.05,0.03,0,9925,8.792343767092136,0.0010000000474974513,7.515999794006348,-1.965999960899353,29.993000030517578,10.694000244140625,1.2699999809265137,29.99200003047008,3.1780004501342773,3.2359999418258667
000011,0.05,0.03,1,9491,1.552676361023914,0.0010000000474974513,-9.366000175476074,-1.7960000038146973,17.597000122070312,2.311000108718872,0.7129999995231628,17.596000122022815,11.677000284194946,2.50900000333786
000011,0.05,0.03,2,935,22.0302192072698,20.576000213623047,-10.234000205993652,-1.2610000371932983,28.312999725341797,-3.694000005722046,1.184999942779541,7.73699951171875,6.5400002002716064,2.4459999799728394
000011,0.05,0.03,3,2251,4.118693096177869,0.01699999999254942,2.552999973297119,-1.9010000228881836,7.914000034332275,6.209000110626221,-0.37400001287460327,7.897000034339726,3.6560001373291016,1.5270000100135803
000011,0.05,0.03,4,245,15.589139753730883,11.95199966430664,-10.045999526977539,-1.5149999856948853,18.60099983215332,1.5770000219345093,-0.29600000381469727,6.64900016784668,11.622999548912048,1.218999981880188
000011,0.05,0.03,5,664,4.219813481366678,3.9079999923706055,-1.3389999866485596,-1.7200000286102295,10.849500179290771,2.361999988555908,-1.5549999475479126,6.941500186920166,3.7009999752044678,0.1650000810623169
000011,0.05,0.03,6,177,20.170605737638187,16.305999755859375,-11.989999771118164,-1.253999948501587,20.974000930786133,-8.230999946594238,-0.2639999985694885,4.668001174926758,3.758999824523926,0.9899999499320984
000011,0.05,0.03,7,239,7.2140870039112475,0.007000000216066837,-11.927000045776367,-0.9470000267028809,1.246999979019165,-7.183000087738037,-0.12600000202655792,1.2399999788030982,4.74399995803833,0.8210000246763229
000011,0.05,0.03,8,228,18.13439471282598,13.866999626159668,-11.685999870300293,-1.4789999723434448,20.902000427246094,1.284000039100647,-1.253999948501587,7.035000801086426,12.96999990940094,0.2250000238418579
000011,0.05,0.03,9,24,22.079439390294173,20.540000915527344,-8.236000061035156,0.029999999329447746,21.017000198364258,-7.993000030517578,0.9710000157356262,0.47699928283691406,0.24300003051757812,0.9410000164061785
000011,0.05,0.03,10,16,11.371595885682968,5.302500009536743,-10.425000190734863,-0.8019999861717224,5.51800012588501,-10.052000045776367,-0.44349999725818634,0.2155001163482666,0.3730001449584961,0.35849998891353607
000011,0.05,0.03,11,38,15.208754109665527,10.397000312805176,11.050999641418457,-0.5640000104904175,10.656000137329102,11.581999778747559,0.36399999260902405,0.2589998245239258,0.5310001373291016,0.9280000030994415
000011,0.05,0.03,12,48,12.465363868482646,11.75950002670288,3.6040000915527344,-1.746000051498413,13.647000312805176,4.607500076293945,-1.6979999542236328,1.887500286102295,1.003499984741211,0.04800009727478027
000011,0.05,0.03,13,23,27.214038028864472,27.18600082397461,-1.3200000524520874,-1.3660000562667847,27.739999771118164,0.4399999976158142,-1.3359999656677246,0.5539989471435547,1.7600000500679016,0.03000009059906006
000011,0.05,0.03,14,260,20.305653081153775,18.954999923706055,-7.6620001792907715,-1.4550000429153442,23.95599937438965,1.184999942779541,-0.25,5.000999450683594,8.847000122070312,1.2050000429153442
000011,0.05,0.03,15,82,19.242471695242664,15.10200023651123,-11.96399974822998,-1.274999976158142,18.424999237060547,-7.88700008392334,-1.2170000076293945,3.3229990005493164,4.076999664306641,0.05799996852874756
000011,0.05,0.03,16,24,13.82296356633724,9.36299991607666,-10.444000244140625,-1.1640000343322754,9.972999572753906,-10.168999671936035,-0.41100001335144043,0.6099996566772461,0.27500057220458984,0.753000020980835
000011,0.05,0.03,17,55,12.858619306989626,11.0600004196167,6.468999862670898,-1.7029999494552612,11.290500164031982,6.693999767303467,0.6510000228881836,0.2304997444152832,0.22499990463256836,2.353999972343445
000011,0.05,0.03,18,247,16.343160976866113,12.435999870300293,-11.067000389099121,-1.5010000467300415,19.731000900268555,1.590000033378601,-0.3310000002384186,7.295001029968262,12.657000422477722,1.170000046491623
000011,0.05,0.03,19,46,9.563580990547555,4.7804999351501465,-8.437999725341797,-0.6290000081062317,5.101999998092651,-8.128999710083008,0.07199999690055847,0.3215000629425049,0.30900001525878906,0.7010000050067902
000011,0.05,0.03,20,35,28.967773169571657,28.367000579833984,-5.86899995803833,-1.1399999856948853,29.850000381469727,-4.098999977111816,-0.21299999952316284,1.4829998016357422,1.7699999809265137,0.9269999861717224
000011,0.05,0.03,21,239,25.111824831562338,24.937000274658203,2.6480000019073486,-1.5880000591278076,28.70599937438965,5.949999809265137,0.164000004529953,3.7689990997314453,3.301999807357788,1.7520000636577606
000011,0.05,0.03,22,33,24.124583716274163,21.615999221801758,-11.984000205993652,-1.0379999876022339,22.312999725341797,-9.17199993133545,-1.0080000162124634,0.6970005035400391,2.812000274658203,0.029999971389770508
000011,0.05,0.03,23,65,22.569054166514675,22.354999542236328,-3.1010000705718994,-1.4390000104904175,23.826000213623047,1.24399995803833,-1.3509999513626099,1.4710006713867188,4.3450000286102295,0.08800005912780762
000011,0.05,0.03,24,30,23.68096589248931,23.496000289916992,2.9539999961853027,-1.61899995803833,24.33799934387207,5.142000198364258,-1.5440000295639038,0.8419990539550781,2.188000202178955,0.07499992847442627
000011,0.05,0.03,25,19,13.714131623907543,7.4670000076293945,11.319000244140625,0.18400000035762787,7.923999786376953,11.961000442504883,0.25200000405311584,0.4569997787475586,0.6420001983642578,0.06800000369548798
000011,0.05,0.03,26,30,22.063516888356357,21.850500106811523,3.058500051498413,-1.6330000162124634,22.474000930786133,5.03000020980835,-1.569000005722046,0.6235008239746094,1.9715001583099365,0.06400001049041748
000011,0.05,0.03,27,49,24.908915114244774,24.770000457763672,-2.627000093460083,-1.4049999713897705,25.966999053955078,1.0099999904632568,-1.3380000591278076,1.1969985961914062,3.63700008392334,0.06699991226196289
000011,0.05,0.03,28,19,26.22424641096303,23.424999237060547,-11.788999557495117,-0.9739999771118164,24.231000900268555,-10.659000396728516,-0.9629999995231628,0.8060016632080078,1.1299991607666016,0.010999977588653564
000011,0.05,0.03,29,26,12.882084000851805,6.234000205993652,-11.977999687194824,-0.9589999914169312,6.644999980926514,-11.25100040435791,-0.21899999678134918,0.41099977493286133,0.7269992828369141,0.739999994635582
000011,0.05,0.03,30,37,7.666442212509416,0.004000000189989805,7.480999946594238,-1.9019999504089355,1.6759999990463257,7.770999908447266,-1.875,1.6719999988563359,0.28999996185302734,0.026999950408935547
000011,0.05,0.03,31,29,20.813206411891414,20.570999145507812,3.1659998893737793,-1.6440000534057617,21.047000885009766,4.939000129699707,-1.5880000591278076,0.4760017395019531,1.7730002403259277,0.0559999942779541
000011,0.05,0.03,32,11,12.361925282771338,4.664999961853027,-11.76099967956543,-0.43299999833106995,4.859000205993652,-11.430999755859375,-0.11900000274181366,0.194000244140625,0.3299999237060547,0.3139999955892563
000011,0.05,0.03,33,34,19.606574664656694,19.365999221801758,3.062000036239624,-1.6649999618530273,19.8799991607666,5.019000053405762,-1.6009999513626099,0.5139999389648438,1.9570000171661377,0.06400001049041748
000011,0.05,0.03,34,24,12.731958881096656,6.853000164031982,10.713000297546387,-0.8949999809265137,7.61899995803833,11.805999755859375,-0.7440000176429749,0.7659997940063477,1.0929994583129883,0.15099996328353882
000011,0.05,0.03,35,17,18.655171871441354,18.274999618530273,3.683000087738037,-1.6640000343322754,18.52899932861328,4.554999828338623,-1.6319999694824219,0.2539997100830078,0.8719997406005859,0.032000064849853516
000011,0.05,0.03,36,9,17.692585800966302,17.260000228881836,3.76200008392334,-1.6679999828338623,17.420000076293945,4.386000156402588,-1.6460000276565552,0.15999984741210938,0.624000072479248,0.02199995517730713
000011,0.05,0.03,37,12,29.316991282930108,29.2189998626709,2.3949999809265137,-1.5019999742507935,29.954999923706055,3.4519999027252197,-1.4550000429153442,0.7360000610351562,1.056999921798706,0.04699993133544922
000011,0.05,0.03,38,8,14.804484866328474,14.244000434875488,3.927999973297119,-1.6970000267028809,14.876999855041504,4.146999835968018,-1.6820000410079956,0.6329994201660156,0.21899986267089844,0.014999985694885254
000011,0.05,0.08,0,9721,8.821028842024289,0.0010000000474974513,7.6479997634887695,-1.8694999814033508,29.993000030517578,10.694000244140625,1.2699999809265137,29.99200003047008,3.0460004806518555,3.1394999623298645
000011,0.05,0.08,1,6225,4.500174431618122,0.004999999888241291,-9.366000175476074,-1.7960000038146973,13.92199993133545,-2.374000072479248,0.7129999995231628,13.916999931447208,6.992000102996826,2.50900000333786
000011,0.05,0.08,2,931,22.0302192072698,20.576000213623047,-10.234000205993652,-1.2319999933242798,28.312999725341797,-3.806999921798706,1.184999942779541,7.73699951171875,6.427000284194946,2.416999936103821
000011,0.05,0.08,3,1823,5.0812612106469865,2.5,4.269000053405762,-1.7289999723434448,6.308000087738037,5.895999908447266,-0.37400001287460327,3.808000087738037,1.626999855041504,1.3549999594688416
000011,0.05,0.08,4,745,1.552676361023914,0.0010000000474974513,-3.7739999294281006,-1.4869999885559082,2.6410000324249268,-1.5399999618530273,0.09600000083446503,2.6400000323774293,2.2339999675750732,1.5829999893903732
000011,0.05,0.08,5,239,7.2140870039112475,0.007000000216066837,-11.927000045776367,-0.9470000267028809,1.246999979019165,-7.183000087738037,-0.12600000202655792,1.2399999788030982,4.74399995803833,0.8210000246763229
000011,0.05,0.08,6,24,22.079439390294173,20.540000915527344,-8.236000061035156,0.029999999329447746,21.017000198364258,-7.993000030517578,0.9710000157356262,0.47699928283691406,0.24300003051757812,0.9410000164061785
000011,0.05,0.08,7,60,15.372079192633306,15.196000099182129,-2.319999933242798,-1.465999960899353,15.949999809265137,0.5889999866485596,-1.4040000438690186,0.7539997100830078,2.9089999198913574,0.06199991703033447
000011,0.05,0.08,8,47,21.224113377794545,19.4689998626709,-10.449000358581543,-1.152999997138977,20.32900047302246,-8.348999977111816,-0.2639999985694885,0.8600006103515625,2.1000003814697266,0.8889999985694885
000011,0.05,0.08,9,16,11.371595885682968,5.302500009536743,-10.425000190734863,-0.8019999861717224,5.51800012588501,-10.052000045776367,-0.44349999725818634,0.2155001163482666,0.3730001449584961,0.35849998891353607
000011,0.05,0.08,10,38,15.208754109665527,10.397000312805176,11.050999641418457,-0.5640000104904175,10.656000137329102,11.581999778747559,0.36399999260902405,0.2589998245239258,0.5310001373291016,0.9280000030994415
000011,0.05,0.08,11,101,20.83306175346069,19.694000244140625,-7.6620001792907715,-1.2519999742507935,23.347999572753906,-3.9809999465942383,-0.25,3.6539993286132812,3.681000232696533,1.0019999742507935
000011,0.05,0.08,12,24,13.82296356633724,9.36299991607666,-10.444000244140625,-1.1640000343322754,9.972999572753906,-10.168999671936035,-0.41100001335144043,0.6099996566772461,0.27500057220458984,0.753000020980835
000011,0.05,0.08,13,53,12.858619306989626,11.0600004196167,6.468999862670898,-1.6269999742507935,11.290500164031982,6.693999767303467,0.6510000228881836,0.2304997444152832,0.22499990463256836,2.277999997138977
000011,0.05,0.08,14,46,9.563580990547555,4.7804999351501465,-8.437999725341797,-0.6290000081062317,5.101999998092651,-8.128999710083008,0.07199999690055847,0.3215000629425049,0.30900001525878906,0.7010000050067902
000011,0.05,0.08,15,35,28.967773169571657,28.367000579833984,-5.86899995803833,-1.1399999856948853,29.850000381469727,-4.098999977111816,-0.21299999952316284,1.4829998016357422,1.7699999809265137,0.9269999861717224
000011,0.05,0.08,16,24,11.475867245221234,10.826000213623047,-3.9140000343322754,-1.2769999504089355,11.149999618530273,-3.805000066757202,-0.44999998807907104,0.32399940490722656,0.10899996757507324,0.8269999623298645
000011,0.05,0.08,17,184,25.47112074798396,25.01300048828125,4.083000183105469,-1.5880000591278076,28.70599937438965,5.949999809265137,0.164000004529953,3.6929988861083984,1.866999626159668,1.7520000636577606
000011,0.05,0.08,18,68,16.0691387701194,15.838000297546387,-2.8320000171661377,-1.4529999494552612,16.820999145507812,0.5389999747276306,-1.378000020980835,0.9829988479614258,3.3709999918937683,0.07499992847442627
000011,0.05,0.08,19,33,24.124583716274163,21.615999221801758,-11.984000205993652,-1.0379999876022339,22.312999725341797,-9.17199993133545,-1.0080000162124634,0.6970005035400391,2.812000274658203,0.029999971389770508
000011,0.05,0.08,20,19,13.714131623907543,7.4670000076293945,11.319000244140625,0.18400000035762787,7.923999786376953,11.961000442504883,0.25200000405311584,0.4569997787475586,0.6420001983642578,0.06800000369548798
000011,0.05,0.08,21,29,15.589139753730883,11.95199966430664,-10.045999526977539,-1.2580000162124634,12.753999710083008,-9.215999603271484,-0.29600000381469727,0.8020000457763672,0.8299999237060547,0.9620000123977661
000011,0.05,0.08,22,19,26.22424641096303,23.424999237060547,-11.788999557495117,-0.9739999771118164,24.231000900268555,-10.659000396728516,-0.9629999995231628,0.8060016632080078,1.1299991607666016,0.010999977588653564
000011,0.05,0.08,23,26,12.882084000851805,6.234000205993652,-11.977999687194824,-0.9589999914169312,6.644999980926514,-11.25100040435791,-0.21899999678134918,0.41099977493286133,0.7269992828369141,0.739999994635582
000011,0.05,0.08,24,11,12.361925282771338,4.664999961853027,-11.76099967956543,-0.43299999833106995,4.859000205993652,-11.430999755859375,-0.11900000274181366,0.194000244140625,0.3299999237060547,0.3139999955892563
000011,0.05,0.08,25,16,16.343160976866113,12.435999870300293,-10.946999549865723,-1.1430000066757202,12.920999526977539,-10.604000091552734,-0.3310000002384186,0.4849996566772461,0.3429994583129883,0.8120000064373016
000011,0.05,0.08,26,24,12.731958881096656,6.853000164031982,10.713000297546387,-0.8949999809265137,7.61899995803833,11.805999755859375,-0.7440000176429749,0.7659997940063477,1.0929994583129883,0.15099996328353882
000011,0.05,0.08,27,8,23.018407188090702,19.805999755859375,-11.809000015258789,-0.9539999961853027,19.868000030517578,-11.722999572753906,-0.27799999713897705,0.062000274658203125,0.08600044250488281,0.6759999990463257
000011,0.05,0.3,0,9116,8.830099809888978,0.0010000000474974513,7.6479997634887695,-1.597000002861023,29.993000030517578,10.694000244140625,1.2699999809265137,29.99200003047008,3.0460004806518555,2.8669999837875366
000011,0.05,0.3,1,1559,5.0812612106469865,2.5,4.269000053405762,-1.5019999742507935,6.308000087738037,5.895999908447266,-0.37400001287460327,3.808000087738037,1.626999855041504,1.1279999613761902
000011,0.05,0.3,2,3615,5.900267009582741,0.004999999888241291,-8.032999992370605,-1.277999997138977,7.297999858856201,-5.301000118255615,0.4959999918937683,7.29299985896796,2.7319998741149902,1.7739999890327454
000011,0.05,0.3,3,31,7.040284221160025,6.624000072479248,-2.5369999408721924,-1.2730000019073486,7.0329999923706055,-2.38100004196167,-0.5429999828338623,0.4089999198913574,0.15599989891052246,0.7300000190734863
000011,0.05,0.3,4,809,23.710321645688246,22.354000091552734,-10.234000205993652,-1.0410000085830688,28.312999725341797,-5.438000202178955,1.184999942779541,5.9589996337890625,4.796000003814697,2.22599995136261
000011,0.05,0.3,5,732,1.552676361023914,0.0010000000474974513,-3.7739999294281006,-1.3650000095367432,2.6410000324249268,-1.5399999618530273,0.09600000083446503,2.6400000323774293,2.2339999675750732,1.4610000103712082
000011,0.05,0.3,6,239,7.2140870039112475,0.007000000216066837,-11.927000045776367,-0.9470000267028809,1.246999979019165,-7.183000087738037,-0.12600000202655792,1.2399999788030982,4.74399995803833,0.8210000246763229
000011,0.05,0.3,7,24,22.079439390294173,20.540000915527344,-8.236000061035156,0.029999999329447746,21.017000198364258,-7.993000030517578,0.9710000157356262,0.47699928283691406,0.24300003051757812,0.9410000164061785
000011,0.05,0.3,8,173,12.698473511006554,11.71500015258789,-5.8979997634887695,-1.1619999408721924,13.92199993133545,-4.658999919891357,0.34599998593330383,2.2069997787475586,1.238999843597412,1.5079999268054962
000011,0.05,0.3,9,9,22.320894167838432,19.79400062561035,-10.449000358581543,-0.9179999828338623,20.15999984741211,-10.315999984741211,-0.2639999985694885,0.3659992218017578,0.13300037384033203,0.6539999842643738
000011,0.05,0.3,10,16,11.371595885682968,5.302500009536743,-10.425000190734863,-0.8019999861717224,5.51800012588501,-10.052000045776367,-0.44349999725818634,0.2155001163482666,0.3730001449584961,0.35849998891353607
000011,0.05,0.3,11,38,15.208754109665527,10.397000312805176,11.050999641418457,-0.5640000104904175,10.656000137329102,11.581999778747559,0.36399999260902405,0.2589998245239258,0.5310001373291016,0.9280000030994415
000011,0.05,0.3,12,23,13.82296356633724,9.36299991607666,-10.444000244140625,-1.0950000286102295,9.972999572753906,-10.168999671936035,-0.41100001335144043,0.6099996566772461,0.27500057220458984,0.6840000152587891
000011,0.05,0.3,13,48,12.858619306989626,11.0600004196167,6.468999862670898,-1.3969999551773071,11.290500164031982,6.693999767303467,0.6510000228881836,0.2304997444152832,0.22499990463256836,2.0479999780654907
000011,0.05,0.3,14,46,9.563580990547555,4.7804999351501465,-8.437999725341797,-0.6290000081062317,5.101999998092651,-8.128999710083008,0.07199999690055847,0.3215000629425049,0.30900001525878906,0.7010000050067902
000011,0.05,0.3,15,18,29.663327061762264,29.35700035095215,-4.514999866485596,-0.9509999752044678,29.690000534057617,-4.098999977111816,-0.21299999952316284,0.33300018310546875,0.4159998893737793,0.7379999756813049
000011,0.05,0.3,16,22,11.475867245221234,10.826000213623047,-3.9140000343322754,-1.225000023841858,11.149999618530273,-3.805000066757202,-0.44999998807907104,0.32399940490722656,0.10899996757507324,0.7750000357627869
000011,0.05,0.3,17,148,25.47112074798396,25.01300048828125,4.105999946594238,-1.1759999990463257,28.70599937438965,5.949999809265137,0.164000004529953,3.6929988861083984,1.8439998626708984,1.3400000035762787
000011,0.05,0.3,18,132,10.899211347681042,7.349999904632568,-9.366000175476074,-1.1950000524520874,9.47599983215332,-7.758999824523926,-0.1889999955892563,2.125999927520752,1.6070003509521484,1.0060000568628311
000011,0.05,0.3,19,31,14.71972804450366,12.557999610900879,-7.926000118255615,-1.0729999542236328,12.970000267028809,-7.678999900817871,0.7129999995231628,0.4120006561279297,0.24700021743774414,1.7859999537467957
000011,0.05,0.3,20,19,13.714131623907543,7.4670000076293945,11.319000244140625,0.18400000035762787,7.923999786376953,11.961000442504883,0.25200000405311584,0.4569997787475586,0.6420001983642578,0.06800000369548798
000011,0.05,0.3,21,26,8.52338226070865,8.154000282287598,-2.5889999866485596,-1.2489999532699585,8.4399995803833,-2.4739999771118164,-0.5339999794960022,0.2859992980957031,0.11500000953674316,0.7149999737739563
000011,0.05,0.3,22,48,5.554850015670475,5.021999835968018,-2.5360000133514404,-1.315000057220459,5.459000110626221,-2.374000072479248,-0.5785000026226044,0.4370002746582031,0.16199994087219238,0.7365000545978546
000011,0.05,0.3,23,26,12.882084000851805,6.234000205993652,-11.977999687194824,-0.9589999914169312,6.644999980926514,-11.25100040435791,-0.21899999678134918,0.41099977493286133,0.7269992828369141,0.739999994635582
000011,0.05,0.3,24,13,15.644641820858094,12.642000198364258,-9.348999977111816,-1.065000057220459,12.753999710083008,-9.215999603271484,-0.29600000381469727,0.11199951171875,0.13300037384033203,0.7690000534057617
000011,0.05,0.3,25,20,13.662215414767296,12.180000305175781,-6.388999938964844,-1.1619999408721924,12.670999526977539,-6.189000129699707,-0.4099999964237213,0.4909992218017578,0.19999980926513672,0.7519999444484711
000011,0.05,0.3,26,10,22.0302192072698,20.576000213623047,-7.9670000076293945,-1.0570000410079956,21.06800079345703,-7.166999816894531,-0.9129999876022339,0.4920005798339844,0.8000001907348633,0.14400005340576172
000011,0.05,0.3,27,11,12.361925282771338,4.664999961853027,-11.76099967956543,-0.43299999833106995,4.859000205993652,-11.430999755859375,-0.11900000274181366,0.194000244140625,0.3299999237060547,0.3139999955892563
000011,0.05,0.3,28,24,12.731958881096656,6.853000164031982,10.713000297546387,-0.8949999809265137,7.61899995803833,11.805999755859375,-0.7440000176429749,0.7659997940063477,1.0929994583129883,0.15099996328353882
000011,0.05,0.3,29,14,16.343160976866113,12.435999870300293,-10.946999549865723,-1.034999966621399,12.920999526977539,-10.604000091552734,-0.3310000002384186,0.4849996566772461,0.3429994583129883,0.7039999663829803
000011,0.05,0.3,30,8,23.520608045979447,23.134000778198242,-4.361999988555908,-0.984000027179718,23.347999572753906,-4.208000183105469,-0.29100000858306885,0.21399879455566406,0.15399980545043945,0.6930000185966492
000011,0.05,0.3,31,18,9.945413488653593,9.5,-3.062000036239624,-1.2389999628067017,9.843000411987305,-2.943000078201294,-0.5450000166893005,0.3430004119873047,0.11899995803833008,0.6939999461174011
000011,0.05,0.3,32,9,21.54111628721403,20.761999130249023,-5.86299991607666,-1.0299999713897705,21.059999465942383,-5.646999835968018,-0.25,0.2980003356933594,0.21600008010864258,0.7799999713897705
000011,0.05,0.3,33,8,23.018407188090702,19.805999755859375,-11.809000015258789,-0.9539999961853027,19.868000030517578,-11.722999572753906,-0.27799999713897705,0.062000274658203125,0.08600044250488281,0.6759999990463257
000011,0.05,0.3,34,8,26.879890175836305,26.551000595092773,-4.247000217437744,-0.9940000176429749,26.643999099731445,-4.14900016784668,-0.17100000381469727,0.09299850463867188,0.09800004959106445,0.8230000138282776
000011,0.1,0.03,0,5664,8.797689334834967,0.017000000923871994,8.21066697438558,-1.9645000100135803,29.993000030517578,10.694000244140625,1.2699999809265137,29.976000029593706,2.483333269755045,3.234499990940094
000011,0.1,0.03,1,4526,1.5734543254129596,0.0020000000949949026,-9.178999900817871,-1.7960000038146973,17.611499786376953,2.287000060081482,0.7129999995231628,17.609499786281958,11.465999960899353,2.50900000333786
000011,0.1,0.03,2,876,22.0302192072698,20.576000213623047,-10.188499927520752,-1.409999966621399,28.312999725341797,1.0950000286102295,1.184999942779541,7.73699951171875,11.283499956130981,2.59499990940094
000011,0.1,0.03,3,495,4.214685974711619,3.8243750035762787,-1.7050000031789143,-1.7251249849796295,10.850000381469727,2.4043333530426025,-1.5565000176429749,7.025625377893448,4.109333356221517,0.16862496733665466
000011,0.1,0.03,4,23,22.079439390294173,20.540000915527344,-8.236000061035156,0.029999999329447746,21.017000198364258,-7.993000030517578,0.9710000157356262,0.47699928283691406,0.24300003051757812,0.9410000164061785
000011,0.1,0.03,5,1001,4.139595167564135,0.028750000055879354,2.7061999797821046,-1.9010000228881836,7.5652000427246096,6.209000110626221,-0.37400001287460327,7.53645004266873,3.502800130844116,1.5270000100135803
000011,0.1,0.03,6,215,25.13737627600333,24.952999114990234,2.6480000019073486,-1.5880000591278076,28.70599937438965,5.949999809265137,0.164000004529953,3.753000259399414,3.301999807357788,1.7520000636577606
000011,0.1,0.03,7,162,7.2241696547206224,0.017999999225139618,-11.918000221252441,-0.9470000267028809,1.2040000259876251,-7.192000150680542,-0.12600000202655792,1.1860000267624855,4.726000070571899,0.8210000246763229
000011,0.1,0.03,8,17,13.845788788309841,9.394499778747559,-10.444000244140625,-1.1640000343322754,9.972999572753906,-10.171000003814697,-0.41200000047683716,0.5784997940063477,0.27300024032592773,0.7520000338554382
000011,0.1,0.03,9,31,15.208754109665527,10.397000312805176,11.050999641418457,-0.5640000104904175,10.656000137329102,11.581999778747559,0.36399999260902405,0.2589998245239258,0.5310001373291016,0.9280000030994415
000011,0.1,0.03,10,12,29.316991282930108,29.2189998626709,2.3949999809265137,-1.5019999742507935,29.954999923706055,3.4519999027252197,-1.4550000429153442,0.7360000610351562,1.056999921798706,0.04699993133544922
000011,0.1,0.03,11,81,15.218439089398364,14.379000186920166,-4.984500169754028,-1.5604999661445618,16.71250057220459,2.310499906539917,-1.3885000348091125,2.333500385284424,7.295000076293945,0.17199993133544922
000011,0.1,0.03,12,281,20.305653081153775,18.954999923706055,-7.653500080108643,-1.4579999446868896,23.802000045776367,1.2580000162124634,-0.25,4.8470001220703125,8.911500096321106,1.2079999446868896
000011,0.1,0.03,13,102,18.688065768867542,17.333999633789062,-6.984000205993652,-1.4830000400543213,20.951000213623047,1.3530000448226929,-1.2979999780654907,3.6170005798339844,8.337000250816345,0.18500006198883057
000011,0.1,0.03,14,161,15.59307400188355,11.95199966430664,-10.045999526977539,-1.5170000195503235,18.62150001525879,1.593500018119812,-0.29600000381469727,6.669500350952148,11.639499545097351,1.2210000157356262
000011,0.1,0.03,15,135,20.170605737638187,16.305999755859375,-11.989999771118164,-1.253999948501587,20.974000930786133,-8.230999946594238,-0.2639999985694885,4.668001174926758,3.758999824523926,0.9899999499320984
000011,0.1,0.03,16,85,11.085271266663671,7.500999927520752,-9.355000019073486,-1.2300000190734863,9.47599983215332,-7.769000053405762,-0.1889999955892563,1.9749999046325684,1.5859999656677246,1.04100002348423
000011,0.1,0.03,17,18,12.731958881096656,6.853000164031982,10.713000297546387,-0.8949999809265137,7.61899995803833,11.805999755859375,-0.7440000176429749,0.7659997940063477,1.0929994583129883,0.15099996328353882
000011,0.1,0.03,18,34,28.967773169571657,28.367000579833984,-5.86899995803833,-1.1399999856948853,29.850000381469727,-4.098999977111816,-0.21299999952316284,1.4829998016357422,1.7699999809265137,0.9269999861717224
000011,0.1,0.03,19,77,16.343160976866113,12.435999870300293,-11.067000389099121,-1.3065000176429749,16.295000076293945,-6.479000091552734,-0.3310000002384186,3.8590002059936523,4.588000297546387,0.9755000174045563
000011,0.1,0.03,20,100,17.601398215000337,16.4950008392334,-6.142000198364258,-1.5049999952316284,19.780000686645508,1.625,-1.312000036239624,3.2849998474121094,7.767000198364258,0.1929999589920044
000011,0.1,0.03,21,30,9.563580990547555,4.789499998092651,-8.428499698638916,-0.6286666790644327,5.082499980926514,-8.128999710083008,0.07199999690055847,0.2929999828338623,0.2994999885559082,0.7006666759649912
000011,0.1,0.03,22,65,17.84904465370912,16.041000366210938,7.6479997634887695,-1.684999942779541,16.621000289916992,8.23900032043457,-0.26649999618530273,0.5799999237060547,0.5910005569458008,1.4184999465942383
000011,0.1,0.03,23,29,27.08609278806922,27.003000259399414,-2.119999885559082,-1.3730000257492065,27.871000289916992,0.5730000138282776,-1.3289999961853027,0.8680000305175781,2.6929998993873596,0.04400002956390381
000011,0.1,0.03,24,13,13.729339173711862,7.4984999895095825,11.338000297546387,0.18400000035762787,7.923999786376953,11.961000442504883,0.25200000405311584,0.4254997968673706,0.6230001449584961,0.06800000369548798
000011,0.1,0.03,25,11,29.882660006816796,29.82900047302246,-1.7899999618530273,-1.3029999732971191,29.999000549316406,-0.8560000061988831,-1.2970000505447388,0.1700000762939453,0.9339999556541443,0.005999922752380371
000011,0.1,0.03,26,39,12.858619306989626,11.0600004196167,6.486999988555908,-1.7029999494552612,11.282333374023438,6.685999870300293,0.6504999995231628,0.22233295440673828,0.19899988174438477,2.353499948978424
000011,0.1,0.03,27,60,19.252520570181545,15.10200023651123,-11.96399974822998,-1.274999976158142,18.424999237060547,-7.88700008392334,-1.2175000309944153,3.3229990005493164,4.076999664306641,0.05749994516372681
000011,0.1,0.03,28,28,24.124583716274163,21.615999221801758,-11.984000205993652,-1.0379999876022339,22.312999725341797,-9.17199993133545,-1.0080000162124634,0.6970005035400391,2.812000274658203,0.029999971389770508
000011,0.1,0.03,29,66,18.154810477215758,13.913000106811523,-11.663000106811523,-1.2879999876022339,17.070999145507812,-7.285999774932861,-1.2556666533152263,3.157999038696289,4.377000331878662,0.032333334287007576
000011,0.1,0.03,30,28,12.513059226213265,11.77400016784668,3.7130000591278076,-1.7445000410079956,13.613333702087402,4.5920000076293945,-1.6966666380564372,1.8393335342407227,0.8789999485015869,0.04783340295155836
000011,0.1,0.03,31,23,23.73286064824996,23.538000106811523,3.0350000858306885,-1.61899995803833,24.33799934387207,5.234499931335449,-1.5470000505447388,0.7999992370605469,2.1994998455047607,0.07199990749359131
000011,0.1,0.03,32,15,11.371595885682968,5.289000034332275,-10.425000190734863,-0.8019999861717224,5.51800012588501,-10.052000045776367,-0.4429999887943268,0.22900009155273438,0.3730001449584961,0.35899999737739563
000011,0.1,0.03,33,22,12.882084000851805,6.234000205993652,-11.977999687194824,-0.9589999914169312,6.644999980926514,-11.25100040435791,-0.2199999988079071,0.41099977493286133,0.7269992828369141,0.738999992609024
000011,0.1,0.03,34,28,19.62812814872135,19.38249969482422,3.0954999923706055,-1.6649999618530273,19.8799991607666,5.109999895095825,-1.602999985218048,0.4974994659423828,2.0144999027252197,0.06199997663497925
000011,0.1,0.03,35,15,26.22424641096303,23.424999237060547,-11.788999557495117,-0.9739999771118164,24.21150016784668,-10.696000099182129,-0.9629999995231628,0.7865009307861328,1.0929994583129883,0.010999977588653564
000011,0.1,0.03,36,24,22.1113021361279,21.89050006866455,3.1169999837875366,-1.6330000162124634,22.474000930786133,5.10099983215332,-1.5730000138282776,0.583500862121582,1.9839998483657837,0.06000000238418579
000011,0.1,0.03,37,11,12.352097449962734,4.677999973297119,-11.76099967956543,-0.43299999833106995,4.859000205993652,-11.430999755859375,-0.11900000274181366,0.1810002326965332,0.3299999237060547,0.3139999955892563
000011,0.1,0.03,38,11,18.68102355644526,18.256999969482422,3.7170000076293945,-1.6640000343322754,18.52899932861328,4.611999988555908,-1.634499967098236,0.2719993591308594,0.8949999809265137,0.029500067234039307
000011,0.1,0.03,39,9,28.283029695098538,27.687999725341797,5.510000228881836,-1.562999963760376,27.836999893188477,6.4730000495910645,-1.5470000505447388,0.1490001678466797,0.9629998207092285,0.015999913215637207
000011,0.1,0.03,40,24,20.828934347044864,20.581499099731445,3.2009999752044678,-1.6440000534057617,21.047000885009766,5.001999855041504,-1.5895000100135803,0.4655017852783203,1.8009998798370361,0.054500043392181396
000011,0.1,0.03,41,9,17.713580511965247,17.260000228881836,3.794000029563904,-1.6664999723434448,17.399999618530273,4.414499998092651,-1.6485000252723694,0.1399993896484375,0.6204999685287476,0.01799994707107544
000011,0.1,0.08,0,5577,8.822345327901848,0.017000000923871994,8.244999885559082,-1.8639999628067017,29.993000030517578,10.694000244140625,1.2699999809265137,29.976000029593706,2.449000358581543,3.1339999437332153
000011,0.1,0.08,1,2447,4.604291265805347,0.00900000031106174,-8.04800033569336,-1.7960000038146973,11.699999809265137,-2.374000072479248,0.4959999918937683,11.690999808954075,5.674000263214111,2.2919999957084656
000011,0.1,0.08,2,816,22.0302192072698,20.576000213623047,-10.188499927520752,-1.225000023841858,28.312999725341797,-3.944000005722046,1.184999942779541,7.73699951171875,6.244499921798706,2.409999966621399
000011,0.1,0.08,3,23,22.079439390294173,20.540000915527344,-8.236000061035156,0.029999999329447746,21.017000198364258,-7.993000030517578,0.9710000157356262,0.47699928283691406,0.24300003051757812,0.9410000164061785
000011,0.1,0.08,4,838,5.109426465561021,2.5,4.269000053405762,-1.7280000448226929,6.296250104904175,5.88700008392334,-0.37400001287460327,3.796250104904175,1.6180000305175781,1.3540000319480896
000011,0.1,0.08,5,162,7.2241696547206224,0.017999999225139618,-11.918000221252441,-0.9470000267028809,1.2040000259876251,-7.192000150680542,-0.12600000202655792,1.1860000267624855,4.726000070571899,0.8210000246763229
000011,0.1,0.08,6,17,13.845788788309841,9.394499778747559,-10.444000244140625,-1.1640000343322754,9.972999572753906,-10.171000003814697,-0.41200000047683716,0.5784997940063477,0.27300024032592773,0.7520000338554382
000011,0.1,0.08,7,161,25.47112074798396,25.01300048828125,4.083000183105469,-1.5670000314712524,28.70599937438965,5.949999809265137,0.164000004529953,3.6929988861083984,1.866999626159668,1.7310000360012054
000011,0.1,0.08,8,31,15.208754109665527,10.397000312805176,11.050999641418457,-0.5640000104904175,10.656000137329102,11.581999778747559,0.36399999260902405,0.2589998245239258,0.5310001373291016,0.9280000030994415
000011,0.1,0.08,9,143,12.698473511006554,11.71500015258789,-5.878999948501587,-1.3523333470026653,13.817000389099121,-4.677000045776367,0.34599998593330383,2.1020002365112305,1.2019999027252197,1.698333332935969
000011,0.1,0.08,10,72,21.287677305713864,19.88700008392334,-7.653500080108643,-1.2480000257492065,23.347999572753906,-4.043000221252441,-0.25,3.4609994888305664,3.610499858856201,0.9980000257492065
000011,0.1,0.08,11,36,16.0691387701194,15.84000015258789,-2.7039999961853027,-1.440999984741211,16.70800018310547,0.22049999982118607,-1.378000020980835,0.8680000305175781,2.924499996006489,0.06299996376037598
000011,0.1,0.08,12,85,11.085271266663671,7.500999927520752,-9.355000019073486,-1.2300000190734863,9.47599983215332,-7.769000053405762,-0.1889999955892563,1.9749999046325684,1.5859999656677246,1.04100002348423
000011,0.1,0.08,13,329,1.5734543254129596,0.0020000000949949026,-3.756333351135254,-1.4555000066757202,2.6410000324249268,-1.5575000047683716,0.09600000083446503,2.639000032329932,2.1988333463668823,1.5515000075101852
000011,0.1,0.08,14,18,12.731958881096656,6.853000164031982,10.713000297546387,-0.8949999809265137,7.61899995803833,11.805999755859375,-0.7440000176429749,0.7659997940063477,1.0929994583129883,0.15099996328353882
000011,0.1,0.08,15,34,28.967773169571657,28.367000579833984,-5.86899995803833,-1.1399999856948853,29.850000381469727,-4.098999977111816,-0.21299999952316284,1.4829998016357422,1.7699999809265137,0.9269999861717224
000011,0.1,0.08,16,30,9.563580990547555,4.789499998092651,-8.428499698638916,-0.6286666790644327,5.082499980926514,-8.128999710083008,0.07199999690055847,0.2929999828338623,0.2994999885559082,0.7006666759649912
000011,0.1,0.08,17,62,17.84904465370912,16.075000762939453,7.6479997634887695,-1.6019999980926514,16.621000289916992,8.23900032043457,-0.26649999618530273,0.5459995269775391,0.5910005569458008,1.3355000019073486
000011,0.1,0.08,18,13,13.729339173711862,7.4984999895095825,11.338000297546387,0.18400000035762787,7.923999786376953,11.961000442504883,0.25200000405311584,0.4254997968673706,0.6230001449584961,0.06800000369548798
000011,0.1,0.08,19,37,12.858619306989626,11.0600004196167,6.486999988555908,-1.6269999742507935,11.282333374023438,6.685999870300293,0.6504999995231628,0.22233295440673828,0.19899988174438477,2.2774999737739563
000011,0.1,0.08,20,18,13.662215414767296,12.180000305175781,-6.388999938964844,-1.2480000257492065,12.670999526977539,-6.189000129699707,-0.4099999964237213,0.4909992218017578,0.19999980926513672,0.8380000293254852
000011,0.1,0.08,21,22,13.178927195436994,10.244999885559082,-8.289999961853027,-1.3200000524520874,11.751999855041504,-7.052000045776367,-1.2619999647140503,1.5069999694824219,1.2379999160766602,0.05800008773803711
000011,0.1,0.08,22,28,24.124583716274163,21.615999221801758,-11.984000205993652,-1.0379999876022339,22.312999725341797,-9.17199993133545,-1.0080000162124634,0.6970005035400391,2.812000274658203,0.029999971389770508
000011,0.1,0.08,23,77,13.889569157426346,10.7669997215271,-9.178999900817871,-1.3029999732971191,12.970000267028809,-7.435999870300293,0.7129999995231628,2.203000545501709,1.7430000305175781,2.015999972820282
000011,0.1,0.08,24,15,15.644641820858094,12.642000198364258,-9.352999687194824,-1.2489999532699585,12.753999710083008,-9.215999603271484,-0.29600000381469727,0.11199951171875,0.13700008392333984,0.9529999494552612
000011,0.1,0.08,25,16,16.343160976866113,12.435999870300293,-10.946999549865723,-1.1430000066757202,12.920999526977539,-10.604000091552734,-0.3310000002384186,0.4849996566772461,0.3429994583129883,0.8120000064373016
000011,0.1,0.08,26,15,11.371595885682968,5.289000034332275,-10.425000190734863,-0.8019999861717224,5.51800012588501,-10.052000045776367,-0.4429999887943268,0.22900009155273438,0.3730001449584961,0.35899999737739563
000011,0.1,0.08,27,22,12.882084000851805,6.234000205993652,-11.977999687194824,-0.9589999914169312,6.644999980926514,-11.25100040435791,-0.2199999988079071,0.41099977493286133,0.7269992828369141,0.738999992609024
000011,0.1,0.08,28,24,7.040284221160025,6.624000072479248,-2.5940001010894775,-1.49399995803833,7.074999809265137,-2.384999990463257,-0.5603333314259847,0.45099973678588867,0.2090001106262207,0.9336666266123453
000011,0.1,0.08,29,15,26.22424641096303,23.424999237060547,-11.788999557495117,-0.9739999771118164,24.21150016784668,-10.696000099182129,-0.9629999995231628,0.7865009307861328,1.0929994583129883,0.010999977588653564
000011,0.1,0.08,30,26,21.240073752046236,19.4689998626709,-9.65999984741211,-1.1449999809265137,20.32900047302246,-8.386000156402588,-1.034999966621399,0.8600006103515625,1.2739996910095215,0.11000001430511475
000011,0.1,0.08,31,21,11.475867245221234,10.826000213623047,-3.9140000343322754,-1.2769999504089355,11.149999618530273,-3.805000066757202,-0.4504999965429306,0.32399940490722656,0.10899996757507324,0.8264999538660049
000011,0.1,0.08,32,9,22.320894167838432,19.79400062561035,-10.449000358581543,-1.0609999895095825,20.15999984741211,-10.298999786376953,-0.2639999985694885,0.3659992218017578,0.15000057220458984,0.796999990940094
000011,0.1,0.08,33,11,12.352097449962734,4.677999973297119,-11.76099967956543,-0.43299999833106995,4.859000205993652,-11.430999755859375,-0.11900000274181366,0.1810002326965332,0.3299999237060547,0.3139999955892563
000011,0.1,0.08,34,16,9.945413488653593,9.5,-3.1029999256134033,-1.378999948501587,9.843000411987305,-2.943000078201294,-0.5460000038146973,0.3430004119873047,0.15999984741210938,0.8329999446868896
000011,0.1,0.08,35,22,8.529832622152632,8.157999992370605,-2.5889999866485596,-1.4559999704360962,8.532999992370605,-2.486666679382324,-0.5462500005960464,0.375,0.10233330726623535,0.9097499698400497
000011,0.1,0.08,36,21,15.469355475297947,15.397333463033041,-1.4910000165303547,-1.4576666752497356,15.87833340962728,0.40399999419848126,-1.4143333435058594,0.4809999465942383,1.895000010728836,0.04333333174387621
000011,0.1,0.08,37,8,23.018407188090702,19.805999755859375,-11.809000015258789,-0.9539999961853027,19.868000030517578,-11.722999572753906,-0.27799999713897705,0.062000274658203125,0.08600044250488281,0.6759999990463257
000011,0.1,0.3,0,5177,8.834687724041594,0.017000000923871994,8.279000282287598,-1.5716667175292969,29.993000030517578,10.694000244140625,1.2699999809265137,29.976000029593706,2.4149999618530273,2.8416666984558105
000011,0.1,0.3,1,1451,5.91581035335416,0.00900000031106174,-8.039999961853027,-1.2573750019073486,7.297999858856201,-5.310500144958496,0.4959999918937683,7.288999858545139,2.7294998168945312,1.753374993801117
000011,0.1,0.3,2,707,23.712423358203015,22.354000091552734,-10.188499927520752,-1.0360000133514404,28.312999725341797,-5.438000202178955,1.184999942779541,5.9589996337890625,4.750499725341797,2.2209999561309814
000011,0.1,0.3,3,23,22.079439390294173,20.540000915527344,-8.236000061035156,0.029999999329447746,21.017000198364258,-7.993000030517578,0.9710000157356262,0.47699928283691406,0.24300003051757812,0.9410000164061785
000011,0.1,0.3,4,708,5.109426465561021,2.5,4.269000053405762,-1.4900000095367432,6.296250104904175,5.88700008392334,-0.37400001287460327,3.796250104904175,1.6180000305175781,1.11599999666214
000011,0.1,0.3,5,162,7.2241696547206224,0.017999999225139618,-11.918000221252441,-0.9470000267028809,1.2040000259876251,-7.192000150680542,-0.12600000202655792,1.1860000267624855,4.726000070571899,0.8210000246763229
000011,0.1,0.3,6,28,5.554850015670475,5.021999835968018,-2.5360000133514404,-1.3115000128746033,5.459000110626221,-2.374000072479248,-0.5785000026226044,0.4370002746582031,0.16199994087219238,0.7330000102519989
000011,0.1,0.3,7,16,13.845788788309841,9.394499778747559,-10.444000244140625,-1.0950000286102295,9.972999572753906,-10.171000003814697,-0.41200000047683716,0.5784997940063477,0.27300024032592773,0.6830000281333923
000011,0.1,0.3,8,131,25.47112074798396,25.01300048828125,4.105999946594238,-1.1759999990463257,28.70599937438965,5.949999809265137,0.164000004529953,3.6929988861083984,1.8439998626708984,1.3400000035762787
000011,0.1,0.3,9,31,15.208754109665527,10.397000312805176,11.050999641418457,-0.5640000104904175,10.656000137329102,11.581999778747559,0.36399999260902405,0.2589998245239258,0.5310001373291016,0.9280000030994415
000011,0.1,0.3,10,124,12.698473511006554,11.71500015258789,-5.878999948501587,-1.1619999408721924,13.817000389099121,-4.677000045776367,0.34599998593330383,2.1020002365112305,1.2019999027252197,1.5079999268054962
000011,0.1,0.3,11,77,11.198941322335079,7.546999931335449,-9.355000019073486,-1.159000039100647,9.47599983215332,-7.769000053405762,-0.1889999955892563,1.928999900817871,1.5859999656677246,0.9700000435113907
000011,0.1,0.3,12,323,1.5734543254129596,0.0020000000949949026,-3.756333351135254,-1.3550000190734863,2.6410000324249268,-1.5575000047683716,0.09600000083446503,2.639000032329932,2.1988333463668823,1.4510000199079514
000011,0.1,0.3,13,18,12.731958881096656,6.853000164031982,10.713000297546387,-0.8949999809265137,7.61899995803833,11.805999755859375,-0.7440000176429749,0.7659997940063477,1.0929994583129883,0.15099996328353882
000011,0.1,0.3,14,17,29.663327061762264,29.35700035095215,-4.514999866485596,-0.9509999752044678,29.690000534057617,-4.098999977111816,-0.21299999952316284,0.33300018310546875,0.4159998893737793,0.7379999756813049
000011,0.1,0.3,15,30,9.563580990547555,4.789499998092651,-8.428499698638916,-0.6286666790644327,5.082499980926514,-8.128999710083008,0.07199999690055847,0.2929999828338623,0.2994999885559082,0.7006666759649912
000011,0.1,0.3,16,54,17.84904465370912,16.075000762939453,7.6479997634887695,-1.3559999465942383,16.461000442504883,8.23900032043457,-0.26649999618530273,0.3859996795654297,0.5910005569458008,1.0894999504089355
000011,0.1,0.3,17,13,13.729339173711862,7.4984999895095825,11.338000297546387,0.18400000035762787,7.923999786376953,11.961000442504883,0.25200000405311584,0.4254997968673706,0.6230001449584961,0.06800000369548798
000011,0.1,0.3,18,33,12.858619306989626,11.0600004196167,6.486999988555908,-1.3960000276565552,11.282333374023438,6.685999870300293,0.6504999995231628,0.22233295440673828,0.19899988174438477,2.046500027179718
000011,0.1,0.3,19,17,13.662215414767296,12.180000305175781,-6.388999938964844,-1.1609999537467957,12.670999526977539,-6.189000129699707,-0.4099999964237213,0.4909992218017578,0.19999980926513672,0.7509999573230743
000011,0.1,0.3,20,25,14.71972804450366,12.557999610900879,-7.926000118255615,-1.0729999542236328,12.970000267028809,-7.678999900817871,0.7129999995231628,0.4120006561279297,0.24700021743774414,1.7859999537467957
000011,0.1,0.3,21,11,15.644641820858094,12.642000198364258,-9.348999977111816,-1.065000057220459,12.753999710083008,-9.215999603271484,-0.29600000381469727,0.11199951171875,0.13300037384033203,0.7690000534057617
000011,0.1,0.3,22,15,11.371595885682968,5.289000034332275,-10.425000190734863,-0.8019999861717224,5.51800012588501,-10.052000045776367,-0.4429999887943268,0.22900009155273438,0.3730001449584961,0.35899999737739563
000011,0.1,0.3,23,22,12.882084000851805,6.234000205993652,-11.977999687194824,-0.9589999914169312,6.644999980926514,-11.25100040435791,-0.2199999988079071,0.41099977493286133,0.7269992828369141,0.738999992609024
000011,0.1,0.3,24,14,16.343160976866113,12.435999870300293,-10.946999549865723,-1.034999966621399,12.920999526977539,-10.604000091552734,-0.3310000002384186,0.4849996566772461,0.3429994583129883,0.7039999663829803
000011,0.1,0.3,25,18,7.040284221160025,6.624000072479248,-2.5369999408721924,-1.2402500212192535,7.0329999923706055,-2.384999990463257,-0.5603333314259847,0.4089999198913574,0.15199995040893555,0.6799166897932688
000011,0.1,0.3,26,9,21.54111628721403,20.761999130249023,-5.86299991607666,-1.0299999713897705,21.059999465942383,-5.646999835968018,-0.25,0.2980003356933594,0.21600008010864258,0.7799999713897705
000011,0.1,0.3,27,19,11.475867245221234,10.826000213623047,-3.9140000343322754,-1.152999997138977,11.149999618530273,-3.805000066757202,-0.4504999965429306,0.32399940490722656,0.10899996757507324,0.7025000005960464
000011,0.1,0.3,28,8,22.320894167838432,19.79400062561035,-10.449000358581543,-0.9179999828338623,20.15999984741211,-10.315999984741211,-0.2639999985694885,0.3659992218017578,0.13300037384033203,0.6539999842643738
000011,0.1,0.3,29,11,12.352097449962734,4.677999973297119,-11.76099967956543,-0.43299999833106995,4.859000205993652,-11.430999755859375,-0.11900000274181366,0.1810002326965332,0.3299999237060547,0.3139999955892563
000011,0.1,0.3,30,13,9.945413488653593,9.5,-3.062000036239624,-1.1670000553131104,9.843000411987305,-2.943000078201294,-0.5460000038146973,0.3430004119873047,0.11899995803833008,0.6210000514984131
000011,0.1,0.3,31,8,23.520608045979447,23.134000778198242,-4.361999988555908,-0.984000027179718,23.347999572753906,-4.208000183105469,-0.29100000858306885,0.21399879455566406,0.15399980545043945,0.6930000185966492
000011,0.1,0.3,32,16,8.529832622152632,8.157999992370605,-2.5889999866485596,-1.246999979019165,8.4399995803833,-2.486666679382324,-0.5462500005960464,0.2819995880126953,0.10233330726623535,0.7007499784231186
000011,0.1,0.3,33,8,23.018407188090702,19.805999755859375,-11.809000015258789,-0.9539999961853027,19.868000030517578,-11.722999572753906,-0.27799999713897705,0.062000274658203125,0.08600044250488281,0.6759999990463257
000011,0.3,0.03,0,161,26.840372264234997,25.145000457763672,8.117499947547913,-1.5627500414848328,29.992000579833984,9.72700023651123,1.2259999513626099,4.8470001220703125,1.6095002889633179,2.7887499928474426
000011,0.3,0.03,1,64,25.47112074798396,25.01300048828125,3.8957499861717224,-1.5870000123977661,27.402999877929688,5.733000040054321,0.164000004529953,2.3899993896484375,1.8372500538825989,1.7510000169277191
000011,0.3,0.03,2,1068,8.826406477992425,0.0509999996672074,7.6479997634887695,-1.9645000100135803,24.89199924468994,10.694000244140625,1.093999981880188,24.840999245022733,3.0460004806518555,3.0584999918937683
000011,0.3,0.03,3,43,10.721984875143571,7.259000062942505,-9.312999963760376,-1.246999979019165,9.474999904632568,-7.76966667175293,-0.1889999955892563,2.2159998416900635,1.5433332920074463,1.0579999834299088
000011,0.3,0.03,4,227,23.583896656829626,22.423333485921223,-10.188499927520752,-1.1307500004768372,27.670499801635742,-5.480000019073486,1.1440000534057617,5.247166315714519,4.708499908447266,2.274750053882599
000011,0.3,0.03,5,886,3.9750256449404064,0.020999999716877937,-7.955999851226807,-1.728333314259847,14.87166659037272,2.1137142521994456,0.45399999618530273,14.850666590655843,10.069714103426252,2.1823333104451494
000011,0.3,0.03,6,181,4.156027952028516,1.8102816930958923,2.662388894293043,-1.8730563378669847,6.557916641235352,5.8805999755859375,-0.40206250362098217,4.747634948139459,3.2182110812928943,1.4709938342460025
000011,0.3,0.03,7,12,12.977209224982781,6.304250001907349,-11.923666636149088,-0.9589999914169312,6.644999980926514,-11.339000225067139,-0.22100000083446503,0.34074997901916504,0.5846664110819493,0.7379999905824661
000011,0.3,0.03,8,19,20.977282666375494,18.860714231218612,-9.791500091552734,-1.2502000093460084,20.29400062561035,-8.230999946594238,-1.034999966621399,1.4332863943917395,1.560500144958496,0.21520004272460946
000011,0.3,0.03,9,67,1.5734543254129596,0.008499999850755557,-3.756333351135254,-1.3345312550663948,2.5903333028157554,-1.5575000047683716,0.09400000050663948,2.581833302965,2.1988333463668823,1.4285312555730343
000011,0.3,0.03,10,40,8.940598524379471,0.03879999965429306,-11.916999816894531,-0.9470000267028809,0.9382500052452087,-8.933666547139486,-0.1600000038743019,0.8994500055909157,2.983333269755045,0.787000022828579
000011,0.3,0.03,11,43,20.325776029368722,18.993000030517578,-7.653500080108643,-1.346399998664856,21.78666623433431,-4.7894000053405765,-0.25,2.7936662038167306,2.864100074768066,1.096399998664856
000011,0.3,0.03,12,15,14.37823381151799,12.273555543687609,-8.511249780654907,-1.3107777701483831,12.89799976348877,-7.180222246381971,-0.27900001406669617,0.6244442198011608,1.3310275342729359,1.031777756081687
000011,0.3,0.03,13,11,15.686524230696598,12.299500147501627,-9.889999866485596,-1.2819999933242798,13.182600021362305,-9.26099967956543,-0.29749999940395355,0.8830998738606777,0.629000186920166,0.9844999939203263
000011,0.3,0.03,14,9,15.27769707175761,10.46416680018107,11.109000205993652,-0.5640000104904175,10.656000137329102,11.581999778747559,0.36366666356722516,0.1918333371480312,0.47299957275390625,0.9276666740576427
000011,0.3,0.03,15,12,9.570882278362298,4.790333271026611,-8.379000027974447,-0.6286666790644327,5.052500009536743,-8.158999681472778,0.07125000096857548,0.26216673851013184,0.2200003465016689,0.6999166800330082
000011,0.3,0.03,16,41,8.455438012437515,8.403666814168295,-0.5953636331991716,-1.6410000107505105,10.779250144958496,2.1076666249169245,-1.5576000094413758,2.3755833307902012,2.703030258116096,0.08340000130913472
000011,0.3,0.03,17,9,16.343160976866113,12.435999870300293,-11.027799987792969,-1.2796000242233276,13.23159999847412,-10.604000091552734,-0.43449999392032623,0.7956001281738274,0.42379989624023473,0.8451000303030014
000011,0.3,0.03,18,12,29.70318616777324,29.389999389648438,-4.859000205993652,-1.1399999856948853,29.850000381469727,-4.098999977111816,-0.21299999952316284,0.46000099182128906,0.7600002288818359,0.9269999861717224
000011,0.3,0.03,19,10,13.819356186873183,12.101749897003174,-6.672499895095825,-1.35616668065389,12.656833171844482,-6.045666535695394,-0.49440000057220457,0.5550832748413086,0.6268333594004316,0.8617666800816853
000011,0.3,0.03,20,12,23.136239250850277,22.710500717163086,-4.417999982833862,-1.2660000324249268,23.424999237060547,-3.8725000619888306,-0.29100000858306885,0.7144985198974609,0.5454999208450317,0.9750000238418579
000011,0.3,0.03,21,20,7.2835262998822285,0.07333333371207118,-8.799124956130981,-0.6733999967575073,1.1541250199079514,-7.250428540366037,-0.1589999943971634,1.0807916861958802,1.5486964157649448,0.5144000023603439
000011,0.3,0.03,22,8,22.256153649999856,19.743400192260744,-10.486000378926596,-1.1806666453679402,20.15999984741211,-10.27299976348877,-0.2639999985694885,0.41659965515136577,0.2130006154378261,0.9166666467984517
000011,0.3,0.03,23,8,28.17390159586787,27.906333287556965,3.873666683832804,-1.5597499907016754,28.469499588012695,4.464333216349284,-0.7070000171661377,0.5631663004557304,0.5906665325164799,0.8527499735355377
000011,0.3,0.03,24,9,22.61242474636977,19.316999435424805,-11.93850040435791,-1.2009999752044678,20.347000122070312,-11.404600143432617,-0.4650000035762787,1.0300006866455078,0.533900260925293,0.7359999716281891
000011,0.3,0.08,0,150,26.840372264234997,25.145000457763672,8.690499782562256,-1.518500030040741,29.992000579833984,9.72700023651123,1.2259999513626099,4.8470001220703125,1.0365004539489746,2.744499981403351
000011,0.3,0.08,1,59,25.47112074798396,25.01300048828125,4.1523332595825195,-1.4144999980926514,27.402999877929688,5.733000040054321,0.164000004529953,2.3899993896484375,1.5806667804718018,1.5785000026226044
000011,0.3,0.08,2,998,8.82744966955605,0.0509999996672074,8.244999885559082,-1.8604999780654907,24.89199924468994,10.694000244140625,1.093999981880188,24.840999245022733,2.449000358581543,2.9544999599456787
000011,0.3,0.08,3,43,10.721984875143571,7.259000062942505,-9.312999963760376,-1.246999979019165,9.474999904632568,-7.76966667175293,-0.1889999955892563,2.2159998416900635,1.5433332920074463,1.0579999834299088
000011,0.3,0.08,4,227,23.583896656829626,22.423333485921223,-10.188499927520752,-1.1307500004768372,27.670499801635742,-5.480000019073486,1.1440000534057617,5.247166315714519,4.708499908447266,2.274750053882599
000011,0.3,0.08,5,482,4.862445423093953,0.020999999716877937,-7.955999851226807,-1.728333314259847,11.747166474660238,-2.4535000324249268,0.45399999618530273,11.72616647494336,5.50249981880188,2.1823333104451494
000011,0.3,0.08,6,133,5.17223698217607,2.5,4.269000053405762,-1.7024444385811135,6.245000004768372,5.8805999755859375,-0.40206250362098217,3.7450000047683716,1.6115999221801758,1.3003819349601313
000011,0.3,0.08,7,12,12.977209224982781,6.304250001907349,-11.923666636149088,-0.9589999914169312,6.644999980926514,-11.339000225067139,-0.22100000083446503,0.34074997901916504,0.5846664110819493,0.7379999905824661
000011,0.3,0.08,8,46,12.698473511006554,11.71500015258789,-5.878999948501587,-1.360500007867813,13.759666442871094,-4.7625555992126465,0.34566665689150494,2.044666290283203,1.1164443492889404,1.706166664759318
000011,0.3,0.08,9,67,1.5734543254129596,0.008499999850755557,-3.756333351135254,-1.3345312550663948,2.5903333028157554,-1.5575000047683716,0.09400000050663948,2.581833302965,2.1988333463668823,1.4285312555730343
000011,0.3,0.08,10,40,8.940598524379471,0.03879999965429306,-11.916999816894531,-0.9470000267028809,0.9382500052452087,-8.933666547139486,-0.1600000038743019,0.8994500055909157,2.983333269755045,0.787000022828579
000011,0.3,0.08,11,12,14.37823381151799,12.273555543687609,-8.11299991607666,-1.305999994277954,12.89799976348877,-7.335000038146973,-0.27900001406669617,0.6244442198011608,0.7779998779296875,1.026999980211258
000011,0.3,0.08,12,9,15.27769707175761,10.46416680018107,11.109000205993652,-0.5640000104904175,10.656000137329102,11.581999778747559,0.36366666356722516,0.1918333371480312,0.47299957275390625,0.9276666740576427
000011,0.3,0.08,13,12,9.570882278362298,4.790333271026611,-8.379000027974447,-0.6286666790644327,5.052500009536743,-8.158999681472778,0.07125000096857548,0.26216673851013184,0.2200003465016689,0.6999166800330082
000011,0.3,0.08,14,8,16.343160976866113,12.435999870300293,-10.946999549865723,-1.0889999866485596,12.920999526977539,-10.604000091552734,-0.43449999392032623,0.4849996566772461,0.3429994583129883,0.6544999927282333
000011,0.3,0.08,15,15,17.931792370503548,16.14300028483073,7.6479997634887695,-1.6083333094914753,16.558000564575195,8.087800025939941,-0.26649999618530273,0.41500027974446496,0.4398002624511719,1.3418333133061726
000011,0.3,0.08,16,12,29.70318616777324,29.389999389648438,-4.859000205993652,-1.1399999856948853,29.850000381469727,-4.098999977111816,-0.21299999952316284,0.46000099182128906,0.7600002288818359,0.9269999861717224
000011,0.3,0.08,17,12,8.547080513529249,8.177249908447266,-2.618400001525879,-1.4673999786376952,8.42300033569336,-2.487000048160553,-0.5462500005960464,0.24575042724609375,0.13139995336532584,0.9211499780416488
000011,0.3,0.08,18,10,23.136239250850277,22.710500717163086,-4.417999982833862,-1.2455000281333923,23.308499336242676,-4.072500228881836,-0.29100000858306885,0.5979986190795898,0.34549975395202637,0.9545000195503235
000011,0.3,0.08,19,20,7.2835262998822285,0.07333333371207118,-8.799124956130981,-0.6733999967575073,1.1541250199079514,-7.250428540366037,-0.1589999943971634,1.0807916861958802,1.5486964157649448,0.5144000023603439
000011,0.3,0.08,20,13,21.54111628721403,20.761999130249023,-6.326000022888183,-1.1853333314259846,21.78666623433431,-5.351666609446208,-0.25,1.0246671040852853,0.9743334134419754,0.9353333314259846
000011,0.3,0.08,21,8,7.101852563169261,6.677000045776367,-2.5940001010894775,-1.49399995803833,7.074999809265137,-2.4031999588012694,-0.5603333314259847,0.39799976348876953,0.19080014228820819,0.9336666266123453
000011,0.3,0.08,22,12,21.325780609934192,19.472249507904053,-9.791500091552734,-1.1510000228881836,20.29400062561035,-8.696000099182129,-1.034999966621399,0.8217511177062988,1.0954999923706055,0.11600005626678467
000011,0.3,0.3,0,133,26.840372264234997,25.145000457763672,8.690499782562256,-1.2853333552678425,29.992000579833984,9.72700023651123,1.2259999513626099,4.8470001220703125,1.0365004539489746,2.511333306630452
000011,0.3,0.3,1,51,25.47112074798396,25.01300048828125,4.1523332595825195,-1.1759999990463257,27.402999877929688,5.733000040054321,0.164000004529953,2.3899993896484375,1.5806667804718018,1.3400000035762787
000011,0.3,0.3,2,895,8.848361915542766,0.0509999996672074,8.308000087738037,-1.5521666804949443,24.586999893188477,10.694000244140625,1.093999981880188,24.535999893521268,2.386000156402588,2.6461666623751325
000011,0.3,0.3,3,34,11.198941322335079,7.546999931335449,-9.312999963760376,-0.9950000047683716,9.474999904632568,-7.76966667175293,-0.1889999955892563,1.9279999732971191,1.5433332920074463,0.8060000091791153
000011,0.3,0.3,4,209,23.712423358203015,22.423333485921223,-10.188499927520752,-1.0101999759674072,27.670499801635742,-5.480000019073486,1.1440000534057617,5.247166315714519,4.708499908447266,2.154200029373169
000011,0.3,0.3,5,12,12.977209224982781,6.304250001907349,-11.923666636149088,-0.9589999914169312,6.644999980926514,-11.339000225067139,-0.22100000083446503,0.34074997901916504,0.5846664110819493,0.7379999905824661
000011,0.3,0.3,6,210,5.964229308997528,0.020999999716877937,-7.01871429170881,-1.2484999895095825,7.239999771118164,-5.411750078201294,0.45399999618530273,7.218999771401286,1.6069642135075162,1.7024999856948853
000011,0.3,0.3,7,117,5.17223698217607,2.5,4.269000053405762,-1.4759999513626099,6.245000004768372,5.8805999755859375,-0.40206250362098217,3.7450000047683716,1.6115999221801758,1.0739374477416277
000011,0.3,0.3,8,39,12.698473511006554,11.71500015258789,-5.878999948501587,-1.121999979019165,13.759666442871094,-4.7625555992126465,0.34566665689150494,2.044666290283203,1.1164443492889404,1.46766663591067
000011,0.3,0.3,9,67,1.5734543254129596,0.008499999850755557,-3.756333351135254,-1.3345312550663948,2.5903333028157554,-1.5575000047683716,0.09400000050663948,2.581833302965,2.1988333463668823,1.4285312555730343
000011,0.3,0.3,10,40,8.940598524379471,0.03879999965429306,-11.916999816894531,-0.9470000267028809,0.9382500052452087,-8.933666547139486,-0.1600000038743019,0.8994500055909157,2.983333269755045,0.787000022828579
000011,0.3,0.3,11,9,15.27769707175761,10.46416680018107,11.109000205993652,-0.5640000104904175,10.656000137329102,11.581999778747559,0.36366666356722516,0.1918333371480312,0.47299957275390625,0.9276666740576427
000011,0.3,0.3,12,12,9.570882278362298,4.790333271026611,-8.379000027974447,-0.6286666790644327,5.052500009536743,-8.158999681472778,0.07125000096857548,0.26216673851013184,0.2200003465016689,0.6999166800330082
000011,0.3,0.3,13,12,17.931792370503548,16.14300028483073,7.6479997634887695,-1.3341666460037231,16.461000442504883,8.087800025939941,-0.26649999618530273,0.31800015767415246,0.4398002624511719,1.0676666498184204
000011,0.3,0.3,14,9,29.70318616777324,29.389999389648438,-4.45550012588501,-0.9459999799728394,29.646499633789062,-4.098999977111816,-0.21299999952316284,0.256500244140625,0.35650014877319336,0.7329999804496765
000011,0.3,0.3,15,8,8.547080513529249,8.177249908447266,-2.572000026702881,-1.1239999532699585,8.42300033569336,-2.487000048160553,-0.5462500005960464,0.24575042724609375,0.08499997854232788,0.577749952673912
000011,0.3,0.3,16,20,7.2835262998822285,0.07333333371207118,-8.799124956130981,-0.6733999967575073,1.1541250199079514,-7.250428540366037,-0.1589999943971634,1.0807916861958802,1.5486964157649448,0.5144000023603439
000049,0.05,0.03,0,1670,11.049849257111914,10.215999603271484,1.7230000495910645,-1.5420000553131104,19.13800048828125,7.482999801635742,0.004000000189989805,8.922000885009766,5.759999752044678,1.5460000555031002
000049,0.05,0.03,1,421,12.711799416976133,10.151500225067139,7.111000061035156,-1.4570000171661377,13.287500381469727,8.861000061035156,0.004000000189989805,3.136000156402588,1.75,1.4610000173561275
000049,0.05,0.03,2,7388,2.423812020606089,0.006000000052154064,0.11599999666213989,-1.746999979019165,10.324000358581543,11.39799976348877,0.5199999809265137,10.318000358529389,11.28199976682663,2.2669999599456787
000049,0.05,0.03,3,842,17.81662181366421,15.197999954223633,-11.996999740600586,-1.722000002861023,27.726999282836914,-8.258000373840332,1.1380000114440918,12.528999328613281,3.738999366760254,2.8600000143051147
000049,0.05,0.03,4,208,23.86485724612064,23.62299919128418,0.6000000238418579,-1.3680000305175781,27.94499969482422,4.7789998054504395,1.1449999809265137,4.322000503540039,4.1789997816085815,2.513000011444092
000049,0.05,0.03,5,3487,3.429497050398501,0.006000000052154064,-6.43149995803833,-1.9259999593098958,5.421000003814697,-2.368000030517578,-0.09300000220537186,5.415000003762543,4.063499927520752,1.832999957104524
000049,0.05,0.03,6,616,18.474770357443475,18.347000122070312,-5.0879998207092285,-1.5390000343322754,22.106000900268555,0.6769999861717224,0.27000001072883606,3.759000778198242,5.764999806880951,1.8090000450611115
000049,0.05,0.03,7,489,13.686718407354439,13.204000473022461,-4.789000034332275,-1.690000057220459,16.785999298095703,-0.42899999022483826,-0.2639999985694885,3.581998825073242,4.360000044107437,1.4260000586509705
000049,0.05,0.03,8,75,11.569322036428227,7.427000045776367,-9.109999656677246,-0.5220000147819519,8.450000286102295,-8.215999603271484,0.6190000176429749,1.0230002403259277,0.8940000534057617,1.1410000324249268
000049,0.05,0.03,9,46,16.66669269996462,14.161999702453613,-11.871000289916992,-1.7489999532699585,14.60699987411499,-8.736000061035156,-1.5390000343322754,0.44500017166137695,3.135000228881836,0.2099999189376831
000049,0.05,0.03,10,257,12.236577300650298,9.954999923706055,-10.005999565124512,-1.7020000219345093,13.26200008392334,-6.429999828338623,-1.4459999799728394,3.307000160217285,3.5759997367858887,0.2560000419616699
000049,0.05,0.03,11,26,29.149835676105788,28.805999755859375,4.2129998207092285,0.29899999499320984,29.091999053955078,4.598999977111816,1.2029999494552612,0.2859992980957031,0.3860001564025879,0.9039999544620514
000049,0.05,0.03,12,66,18.861184748400525,18.347000122070312,4.25600004196167,-0.06199999898672104,18.749000549316406,4.689000129699707,0.8539999723434448,0.40200042724609375,0.4330000877380371,0.9159999713301659
000049,0.05,0.03,13,398,17.05429797411492,15.184000015258789,6.5279998779296875,-1.4010000228881836,18.854000091552734,8.855999946594238,0.05700000002980232,3.6700000762939453,2.328000068664551,1.458000022917986
000049,0.05,0.03,14,15,11.727092798200268,8.767000198364258,-7.968999862670898,0.4779999852180481,8.99899959564209,-7.701000213623047,0.6140000224113464,0.23199939727783203,0.26799964904785156,0.13600003719329834
000049,0.05,0.03,15,160,10.259319561170486,8.347000122070312,5.581999778747559,-1.4259999990463257,9.83899974822998,6.745999813079834,-0.8500000238418579,1.491999626159668,1.1640000343322754,0.5759999752044678
000049,0.05,0.03,16,15,28.825160206619874,28.76300048828125,0.734000027179718,-1.284999966621399,29.606000900268555,1.8919999599456787,-1.24399995803833,0.8430004119873047,1.1579999327659607,0.04100000858306885
000049,0.05,0.03,17,516,8.705604850490374,7.886000156402588,-4.718999862670898,-1.7649999856948853,11.605999946594238,-3.287999987602234,-0.25999999046325684,3.7199997901916504,1.4309998750686646,1.5049999952316284
000049,0.05,0.03,18,15,19.894426522779526,19.740999221801758,1.6970000267028809,-1.4329999685287476,20.299999237060547,2.4660000801086426,-1.3949999809265137,0.5590000152587891,0.7690000534057617,0.03799998760223389
000049,0.05,0.03,19,197,20.958073932356402,20.600000381469727,0.5569999814033508,-1.4210000038146973,23.298999786376953,4.7870001792907715,0.03799999877810478,2.6989994049072266,4.230000197887421,1.459000002592802
000049,0.05,0.03,20,61,17.37692168223174,17.34600067138672,-3.2360000610351562,-1.5609999895095825,17.634000778198242,-0.014999999664723873,-1.5069999694824219,0.28800010681152344,3.2210000613704324,0.054000020027160645
000049,0.05,0.03,21,12,11.02185783208425,6.646999835968018,-8.961000442504883,0.46299999952316284,6.73799991607666,-8.750499725341797,0.5860000252723694,0.09100008010864258,0.21050071716308594,0.12300002574920654
000049,0.05,0.03,22,31,27.14570757948135,26.990999221801758,-4.160999774932861,-1.3489999771118164,27.350000381469727,-1.7100000381469727,-1.3320000171661377,0.35900115966796875,2.4509997367858887,0.01699995994567871
000049,0.05,0.03,23,11,25.39533149352787,22.940000534057617,-11.085000038146973,0.003000000026077032,23.2810001373291,-10.873000144958496,0.2879999876022339,0.3409996032714844,0.21199989318847656,0.28499998757615685
000049,0.05,0.03,24,45,7.877014995623695,6.848999977111816,-6.35099983215332,-1.8020000457763672,9.626999855041504,-3.5075000524520874,-1.3725000023841858,2.7779998779296875,2.843499779701233,0.4295000433921814
000049,0.05,0.03,25,59,21.9610073855484,21.92099952697754,-3.990999937057495,-1.503000020980835,22.78499984741211,0.6830000281333923,-1.4170000553131104,0.8640003204345703,4.6739999651908875,0.08599996566772461
000049,0.05,0.03,26,17,28.601770086607544,27.329999923706055,-8.642000198364258,-0.5450000166893005,27.75200080871582,-8.434000015258789,1.1890000104904175,0.4220008850097656,0.20800018310546875,1.734000027179718
000049,0.05,0.03,27,40,18.281903367791138,16.23200035095215,-9.076000213623047,-0.9449999928474426,16.55900001525879,-8.359000205993652,0.8460000157356262,0.3269996643066406,0.7170000076293945,1.7910000085830688
000049,0.05,0.03,28,31,23.421545908537983,23.361000061035156,-3.6700000762939453,-1.4479999542236328,23.701000213623047,-1.4259999990463257,-1.409000039100647,0.3400001525878906,2.2440000772476196,0.03899991512298584
000049,0.05,0.03,29,33,27.02965277777386,25.709999084472656,7.315999984741211,-0.19300000369548798,27.216999053955078,8.859000205993652,0.164000004529953,1.5069999694824219,1.5430002212524414,0.357000008225441
000049,0.05,0.03,30,32,25.36430686518733,25.075000762939453,-3.819999933242798,-1.4019999504089355,25.72100067138672,-1.569000005722046,-1.3660000562667847,0.6459999084472656,2.250999927520752,0.03599989414215088
000049,0.05,0.03,31,21,23.18433167670214,21.638999938964844,7.607999801635742,-0.2879999876022339,22.270999908447266,8.902000427246094,0.17100000381469727,0.6319999694824219,1.2940006256103516,0.45899999141693115
000049,0.05,0.03,32,29,9.02700491378476,0.008999999612569809,-9.809000015258789,-1.8955000042915344,0.8034999966621399,-9.027000427246094,-1.8700000047683716,0.7944999970495701,0.7819995880126953,0.025499999523162842
000049,0.05,0.03,33,8,12.268157232218519,8.92199993133545,8.41100025177002,-0.34700000286102295,9.008999824523926,8.642999649047852,-0.27000001072883606,0.08699989318847656,0.23199939727783203,0.07699999213218689
000049,0.05,0.03,34,30,29.51568612130221,29.384000778198242,-4.459000110626221,-1.2999999523162842,29.864999771118164,-1.8799999952316284,-1.277999997138977,0.4809989929199219,2.5790001153945923,0.02199995517730713
000049,0.05,0.03,35,27,15.762668800511864,15.664999961853027,-2.5490000247955322,-1.5740000009536743,15.788999557495117,-1.187000036239624,-1.5479999780654907,0.12399959564208984,1.3619999885559082,0.026000022888183594
000049,0.05,0.03,36,52,13.898215587667714,13.77400016784668,-2.496999979019165,-1.5959999561309814,15.020000457763672,-1.4140000343322754,-1.5609999895095825,1.2460002899169922,1.0829999446868896,0.034999966621398926
000049,0.05,0.03,37,17,29.755172765414805,27.239999771118164,-11.97599983215332,-0.21299999952316284,27.638999938964844,-11.76099967956543,0.890999972820282,0.3990001678466797,0.21500015258789062,1.1039999723434448
000049,0.05,0.03,38,35,10.469103131339343,0.02199999988079071,-11.552000045776367,-1.9275000095367432,0.6034999787807465,-10.468999862670898,-1.9010000228881836,0.5814999788999557,1.0830001831054688,0.02649998664855957
000049,0.05,0.03,39,12,14.156883624644086,7.572000026702881,11.711000442504883,-1.3730000257492065,7.986000061035156,11.972999572753906,-1.3700000047683716,0.4140000343322754,0.26199913024902344,0.003000020980834961
000049,0.05,0.03,40,8,7.313188538509374,4.447999954223633,5.728000164031982,-0.5720000267028809,4.6529998779296875,5.826000213623047,-0.5189999938011169,0.2049999237060547,0.09800004959106445,0.053000032901763916
000049,0.05,0.03,41,8,20.36582753666181,18.618000030517578,7.918000221252441,-1.309000015258789,18.90399932861328,8.319000244140625,-1.2990000247955322,0.2859992980957031,0.4010000228881836,0.009999990463256836
000049,0.05,0.03,42,10,8.653015472986263,8.455000400543213,-2.040500044822693,-1.6610000133514404,8.504499912261963,-1.6464999914169312,-1.6519999504089355,0.04949951171875,0.3940000534057617,0.009000062942504883
000049,0.05,0.08,0,909,12.88063555215117,12.505000114440918,2.382999897003174,-1.4390000104904175,14.473999977111816,5.98799991607666,0.004000000189989805,1.9689998626708984,3.6050000190734863,1.4430000106804073
000049,0.05,0.08,1,419,12.711799416976133,10.151500225067139,7.111000061035156,-1.2269999980926514,13.287500381469727,8.861000061035156,0.004000000189989805,3.136000156402588,1.75,1.2309999982826412
000049,0.05,0.08,2,666,8.014529106571352,2.1519999504089355,7.265999794006348,-1.4299999475479126,4.769999980926514,8.970999717712402,-0.14800000190734863,2.618000030517578,1.7049999237060547,1.281999945640564
000049,0.05,0.08,3,4307,2.423812020606089,0.006000000052154064,2.2109999656677246,-1.5870000123977661,8.982999801635742,5.7270002365112305,0.5199999809265137,8.976999801583588,3.516000270843506,2.10699999332428
000049,0.05,0.08,4,838,17.81662181366421,15.197999954223633,-11.996999740600586,-1.6990000009536743,27.726999282836914,-8.258000373840332,1.1380000114440918,12.528999328613281,3.738999366760254,2.837000012397766
000049,0.05,0.08,5,245,18.675053888759358,18.347000122070312,-5.0879998207092285,-1.4539999961853027,22.106000900268555,-3.2839999198913574,0.27000001072883606,3.759000778198242,1.803999900817871,1.7240000069141388
000049,0.05,0.08,6,432,13.686718407354439,13.204000473022461,-4.789000034332275,-1.5570000410079956,16.785999298095703,-3.2690000534057617,-0.2639999985694885,3.581998825073242,1.5199999809265137,1.293000042438507
000049,0.05,0.08,7,75,11.569322036428227,7.427000045776367,-9.109999656677246,-0.5220000147819519,8.450000286102295,-8.215999603271484,0.6190000176429749,1.0230002403259277,0.8940000534057617,1.1410000324249268
000049,0.05,0.08,8,3170,3.429497050398501,0.6893333395322164,-5.010000228881836,-1.9116666714350383,5.421000003814697,-2.368000030517578,-0.09300000220537186,4.731666664282481,2.642000198364258,1.8186666692296665
000049,0.05,0.08,9,240,12.280091954927633,9.96399974822998,-10.005999565124512,-1.6859999895095825,13.26200008392334,-6.859000205993652,-1.4459999799728394,3.2980003356933594,3.1469993591308594,0.24000000953674316
000049,0.05,0.08,10,26,29.149835676105788,28.805999755859375,4.2129998207092285,0.29899999499320984,29.091999053955078,4.598999977111816,1.2029999494552612,0.2859992980957031,0.3860001564025879,0.9039999544620514
000049,0.05,0.08,11,202,20.142348426037778,20.141000747680664,-1.2269999980926514,-1.3589999675750732,21.31399917602539,0.4790000021457672,-0.08500000089406967,1.1729984283447266,1.7060000002384186,1.2739999666810036
000049,0.05,0.08,12,66,18.861184748400525,18.347000122070312,4.25600004196167,-0.06199999898672104,18.749000549316406,4.689000129699707,0.8539999723434448,0.40200042724609375,0.4330000877380371,0.9159999713301659
000049,0.05,0.08,13,320,17.658264772139137,15.819000244140625,7.078999996185303,-1.2480000257492065,18.854000091552734,8.855999946594238,0.05700000002980232,3.0349998474121094,1.7769999504089355,1.3050000257790089
000049,0.05,0.08,14,15,11.727092798200268,8.767000198364258,-7.968999862670898,0.4779999852180481,8.99899959564209,-7.701000213623047,0.6140000224113464,0.23199939727783203,0.26799964904785156,0.13600003719329834
000049,0.05,0.08,15,160,10.259319561170486,8.347000122070312,5.581999778747559,-1.4259999990463257,9.83899974822998,6.745999813079834,-0.8500000238418579,1.491999626159668,1.1640000343322754,0.5759999752044678
000049,0.05,0.08,16,10,29.048263614864226,28.996999740600586,0.734000027179718,-1.2769999504089355,29.485000610351562,1.725000023841858,-1.2549999952316284,0.48800086975097656,0.9909999966621399,0.02199995517730713
000049,0.05,0.08,17,490,8.705604850490374,7.9079999923706055,-4.718999862670898,-1.6100000143051147,11.605999946594238,-3.287999987602234,-0.25999999046325684,3.697999954223633,1.4309998750686646,1.350000023841858
000049,0.05,0.08,18,391,9.64385065372572,5.8420000076293945,7.357999801635742,-1.3279999494552612,9.343000411987305,8.770999908447266,-0.039000000804662704,3.50100040435791,1.4130001068115234,1.2889999486505985
000049,0.05,0.08,19,148,20.958073932356402,20.600000381469727,2.436000108718872,-1.3420000076293945,22.32200050354004,4.7870001792907715,0.03799999877810478,1.7220001220703125,2.3510000705718994,1.3800000064074993
000049,0.05,0.08,20,41,15.135754261617157,13.373000144958496,7.013000011444092,-1.3079999685287476,13.854999542236328,7.260000228881836,-0.20000000298023224,0.48199939727783203,0.24700021743774414,1.1079999655485153
000049,0.05,0.08,21,176,23.86485724612064,23.62299919128418,1.7589999437332153,-1.3209999799728394,27.94499969482422,4.7789998054504395,1.1449999809265137,4.322000503540039,3.019999861717224,2.465999960899353
000049,0.05,0.08,22,107,15.802720652002012,15.565999984741211,2.0999999046325684,-1.4160000085830688,18.33099937438965,3.236999988555908,-0.7289999723434448,2.7649993896484375,1.1370000839233398,0.687000036239624
000049,0.05,0.08,23,12,11.02185783208425,6.646999835968018,-8.961000442504883,0.46299999952316284,6.73799991607666,-8.750499725341797,0.5860000252723694,0.09100008010864258,0.21050071716308594,0.12300002574920654
000049,0.05,0.08,24,31,27.14570757948135,26.990999221801758,-4.160999774932861,-1.3489999771118164,27.350000381469727,-1.7100000381469727,-1.3320000171661377,0.35900115966796875,2.4509997367858887,0.01699995994567871
000049,0.05,0.08,25,11,25.39533149352787,22.940000534057617,-11.085000038146973,0.003000000026077032,23.2810001373291,-10.873000144958496,0.2879999876022339,0.3409996032714844,0.21199989318847656,0.28499998757615685
000049,0.05,0.08,26,39,16.66669269996462,14.161999702453613,-11.291000366210938,-1.7009999752044678,14.60699987411499,-8.736000061035156,-1.5390000343322754,0.44500017166137695,2.5550003051757812,0.16199994087219238
000049,0.05,0.08,27,17,28.601770086607544,27.329999923706055,-8.642000198364258,-0.5450000166893005,27.75200080871582,-8.434000015258789,1.1890000104904175,0.4220008850097656,0.20800018310546875,1.734000027179718
000049,0.05,0.08,28,40,18.281903367791138,16.23200035095215,-9.076000213623047,-0.9449999928474426,16.55900001525879,-8.359000205993652,0.8460000157356262,0.3269996643066406,0.7170000076293945,1.7910000085830688
000049,0.05,0.08,29,10,12.397092225641545,6.623000144958496,10.307000160217285,-1.3899999856948853,6.934000015258789,10.859999656677246,-1.378999948501587,0.31099987030029297,0.5529994964599609,0.01100003719329834
000049,0.05,0.08,30,33,27.02965277777386,25.709999084472656,7.315999984741211,-0.19300000369548798,27.216999053955078,8.859000205993652,0.164000004529953,1.5069999694824219,1.5430002212524414,0.357000008225441
000049,0.05,0.08,31,32,25.36430686518733,25.075000762939453,-3.819999933242798,-1.4019999504089355,25.72100067138672,-1.569000005722046,-1.3660000562667847,0.6459999084472656,2.250999927520752,0.03599989414215088
000049,0.05,0.08,32,21,23.18433167670214,21.638999938964844,7.607999801635742,-0.2879999876022339,22.270999908447266,8.902000427246094,0.17100000381469727,0.6319999694824219,1.2940006256103516,0.45899999141693115
000049,0.05,0.08,33,8,12.268157232218519,8.92199993133545,8.41100025177002,-0.34700000286102295,9.008999824523926,8.642999649047852,-0.27000001072883606,0.08699989318847656,0.23199939727783203,0.07699999213218689
000049,0.05,0.08,34,30,29.51568612130221,29.384000778198242,-4.459000110626221,-1.2999999523162842,29.864999771118164,-1.8799999952316284,-1.277999997138977,0.4809989929199219,2.5790001153945923,0.02199995517730713
000049,0.05,0.08,35,17,29.755172765414805,27.239999771118164,-11.97599983215332,-0.21299999952316284,27.638999938964844,-11.76099967956543,0.890999972820282,0.3990001678466797,0.21500015258789062,1.1039999723434448
000049,0.05,0.08,36,9,11.275981776065114,9.387999534606934,-6.35099983215332,-1.6749999523162842,9.626999855041504,-5.870999813079834,-1.6649999618530273,0.2390003204345703,0.48000001907348633,0.009999990463256836
000049,0.05,0.08,37,8,7.313188538509374,4.447999954223633,5.728000164031982,-0.5720000267028809,4.6529998779296875,5.826000213623047,-0.5189999938011169,0.2049999237060547,0.09800004959106445,0.053000032901763916
000049,0.05,0.08,38,8,23.421545908537983,23.361000061035156,-2.171999931335449,-1.4179999828338623,23.452999114990234,-1.6829999685287476,-1.409000039100647,0.09199905395507812,0.48899996280670166,0.008999943733215332
000049,0.05,0.3,0,831,12.88063555215117,12.505000114440918,2.382999897003174,-1.2289999723434448,14.473999977111816,5.98799991607666,0.004000000189989805,1.9689998626708984,3.6050000190734863,1.2329999725334346
000049,0.05,0.3,1,410,12.711799416976133,10.151500225067139,7.111000061035156,-1.159000039100647,13.287500381469727,8.861000061035156,0.004000000189989805,3.136000156402588,1.75,1.1630000392906368
000049,0.05,0.3,2,657,8.014529106571352,2.1519999504089355,7.265999794006348,-1.2450000047683716,4.769999980926514,8.970999717712402,-0.14800000190734863,2.618000030517578,1.7049999237060547,1.097000002861023
000049,0.05,0.3,3,1067,6.727413215979036,5.946000099182129,2.61899995803833,-1.3209999799728394,8.894000053405762,5.540999889373779,0.5199999809265137,2.947999954223633,2.921999931335449,1.840999960899353
000049,0.05,0.3,4,730,19.17509282377214,15.907999992370605,-11.996999740600586,-1.4240000247955322,27.726999282836914,-8.258000373840332,1.1380000114440918,11.818999290466309,3.738999366760254,2.562000036239624
000049,0.05,0.3,5,1753,2.423812020606089,0.006000000052154064,2.4091000080108644,-1.3760000467300415,2.718000054359436,4.789000034332275,-0.11579999774694442,2.712000054307282,2.379900026321411,1.2602000489830971
000049,0.05,0.3,6,386,13.686718407354439,13.204000473022461,-4.789000034332275,-1.340999960899353,16.785999298095703,-3.2769999504089355,-0.2639999985694885,3.581998825073242,1.5120000839233398,1.0769999623298645
000049,0.05,0.3,7,630,4.631921147181807,2.944000005722046,2.8540000915527344,-1.3489999771118164,4.85699987411499,4.7829999923706055,0.010499999858438969,1.9129998683929443,1.928999900817871,1.3594999769702554
000049,0.05,0.3,8,75,11.569322036428227,7.427000045776367,-9.109999656677246,-0.5220000147819519,8.450000286102295,-8.215999603271484,0.6190000176429749,1.0230002403259277,0.8940000534057617,1.1410000324249268
000049,0.05,0.3,9,2893,3.429497050398501,0.9100000262260437,-5.010000228881836,-1.4920000433921814,5.421000003814697,-2.368000030517578,-0.09300000220537186,4.510999977588654,2.642000198364258,1.3990000411868095
000049,0.05,0.3,10,26,29.149835676105788,28.805999755859375,4.2129998207092285,0.29899999499320984,29.091999053955078,4.598999977111816,1.2029999494552612,0.2859992980957031,0.3860001564025879,0.9039999544620514
000049,0.05,0.3,11,170,20.142348426037778,20.141000747680664,-1.2269999980926514,-1.090000033378601,21.31399917602539,0.4790000021457672,-0.08500000089406967,1.1729984283447266,1.7060000002384186,1.0050000324845314
000049,0.05,0.3,12,66,18.861184748400525,18.347000122070312,4.25600004196167,-0.06199999898672104,18.749000549316406,4.689000129699707,0.8539999723434448,0.40200042724609375,0.4330000877380371,0.9159999713301659
000049,0.05,0.3,13,294,17.658264772139137,15.819000244140625,7.078999996185303,-1.0870000123977661,18.854000091552734,8.855999946594238,0.05700000002980232,3.0349998474121094,1.7769999504089355,1.1440000124275684
000049,0.05,0.3,14,15,11.727092798200268,8.767000198364258,-7.968999862670898,0.4779999852180481,8.99899959564209,-7.701000213623047,0.6140000224113464,0.23199939727783203,0.26799964904785156,0.13600003719329834
000049,0.05,0.3,15,131,10.511529999797633,8.661999702453613,5.581999778747559,-1.2280000448226929,9.83899974822998,6.695000171661377,-0.8500000238418579,1.1770000457763672,1.1130003929138184,0.37800002098083496
000049,0.05,0.3,16,408,8.705604850490374,7.9079999923706055,-4.718999862670898,-1.4010000228881836,11.605999946594238,-3.287999987602234,-0.25999999046325684,3.697999954223633,1.4309998750686646,1.1410000324249268
000049,0.05,0.3,17,371,9.64385065372572,5.8420000076293945,7.357999801635742,-1.2289999723434448,9.343000411987305,8.76099967956543,-0.039000000804662704,3.50100040435791,1.4029998779296875,1.1899999715387821
000049,0.05,0.3,18,227,18.675053888759358,18.347000122070312,-5.0879998207092285,-1.2359999418258667,22.106000900268555,-3.2839999198913574,0.27000001072883606,3.759000778198242,1.803999900817871,1.5059999525547028
000049,0.05,0.3,19,133,20.958073932356402,20.600000381469727,3.0250000953674316,-1.031000018119812,22.32200050354004,4.7870001792907715,0.03799999877810478,1.7220001220703125,1.7620000839233398,1.0690000168979168
000049,0.05,0.3,20,37,15.135754261617157,13.373000144958496,7.013000011444092,-1.1230000257492065,13.854999542236328,7.260000228881836,-0.20000000298023224,0.48199939727783203,0.24700021743774414,0.9230000227689743
000049,0.05,0.3,21,72,23.955610576373402,23.729999542236328,2.7119998931884766,-1.0579999685287476,24.920000076293945,4.7789998054504395,0.1679999977350235,1.1900005340576172,2.066999912261963,1.225999966263771
000049,0.05,0.3,22,42,26.65013476200565,26.50200080871582,2.1050000190734863,-1.0360000133514404,27.94499969482422,3.062999963760376,1.1449999809265137,1.4429988861083984,0.9579999446868896,2.180999994277954
000049,0.05,0.3,23,12,11.02185783208425,6.646999835968018,-8.961000442504883,0.46299999952316284,6.73799991607666,-8.750499725341797,0.5860000252723694,0.09100008010864258,0.21050071716308594,0.12300002574920654
000049,0.05,0.3,24,11,25.39533149352787,22.940000534057617,-11.085000038146973,0.003000000026077032,23.2810001373291,-10.873000144958496,0.2879999876022339,0.3409996032714844,0.21199989318847656,0.28499998757615685
000049,0.05,0.3,25,17,28.601770086607544,27.329999923706055,-8.642000198364258,-0.5450000166893005,27.75200080871582,-8.434000015258789,1.1890000104904175,0.4220008850097656,0.20800018310546875,1.734000027179718
000049,0.05,0.3,26,40,18.281903367791138,16.23200035095215,-9.076000213623047,-0.9449999928474426,16.55900001525879,-8.359000205993652,0.8460000157356262,0.3269996643066406,0.7170000076293945,1.7910000085830688
000049,0.05,0.3,27,33,27.02965277777386,25.709999084472656,7.315999984741211,-0.19300000369548798,27.216999053955078,8.859000205993652,0.164000004529953,1.5069999694824219,1.5430002212524414,0.357000008225441
000049,0.05,0.3,28,62,16.013083197890992,15.779000282287598,2.23799991607666,-1.1970000267028809,18.33099937438965,3.236999988555908,-0.7289999723434448,2.551999092102051,0.999000072479248,0.46800005435943604
000049,0.05,0.3,29,21,23.18433167670214,21.638999938964844,7.607999801635742,-0.2879999876022339,22.270999908447266,8.902000427246094,0.17100000381469727,0.6319999694824219,1.2940006256103516,0.45899999141693115
000049,0.05,0.3,30,8,12.268157232218519,8.92199993133545,8.41100025177002,-0.34700000286102295,9.008999824523926,8.642999649047852,-0.27000001072883606,0.08699989318847656,0.23199939727783203,0.07699999213218689
000049,0.05,0.3,31,17,29.755172765414805,27.239999771118164,-11.97599983215332,-0.21299999952316284,27.638999938964844,-11.76099967956543,0.890999972820282,0.3990001678466797,0.21500015258789062,1.1039999723434448
000049,0.05,0.3,32,8,7.313188538509374,4.447999954223633,5.728000164031982,-0.5720000267028809,4.6529998779296875,5.826000213623047,-0.5189999938011169,0.2049999237060547,0.09800004959106445,0.053000032901763916
000049,0.1,0.03,0,385,7.579254586752535,6.475749969482422,-4.718999862670898,-1.8019999861717224,12.360666592915853,-3.2739999294281006,-0.25999999046325684,5.884916623433432,1.4449999332427979,1.5419999957084656
000049,0.1,0.03,1,52,18.868281156386647,18.347000122070312,4.25600004196167,-0.06199999898672104,18.749000549316406,4.689000129699707,0.8539999723434448,0.40200042724609375,0.4330000877380371,0.9159999713301659
000049,0.1,0.03,2,208,18.675053888759358,18.347000122070312,-5.0879998207092285,-1.4539999961853027,22.106000900268555,-3.2839999198913574,0.27000001072883606,3.759000778198242,1.803999900817871,1.7240000069141388
000049,0.1,0.03,3,156,20.142348426037778,20.141000747680664,-1.6915000081062317,-1.4649999737739563,21.31399917602539,0.4790000021457672,-0.08500000089406967,1.1729984283447266,2.170500010251999,1.3799999728798866
000049,0.1,0.03,4,332,17.05429797411492,15.184000015258789,6.5279998779296875,-1.4010000228881836,18.854000091552734,8.855999946594238,0.05700000002980232,3.6700000762939453,2.328000068664551,1.458000022917986
000049,0.1,0.03,5,23,29.149835676105788,28.805999755859375,4.2129998207092285,0.29899999499320984,29.091999053955078,4.598999977111816,1.2029999494552612,0.2859992980957031,0.3860001564025879,0.9039999544620514
000049,0.1,0.03,6,154,20.96209501750162,20.600000381469727,1.6670000553131104,-1.3980000019073486,22.913999557495117,4.7870001792907715,0.03799999877810478,2.3139991760253906,3.120000123977661,1.4360000006854534
000049,0.1,0.03,7,3497,2.423812020606089,0.013285714201629162,1.4004000186920167,-1.6902499794960022,10.415666580200195,11.378666559855143,0.5199999809265137,10.402380865998566,9.978266541163126,2.210249960422516
000049,0.1,0.03,8,953,11.056274967495085,10.22849988937378,2.382999897003174,-1.5479999780654907,15.13700008392334,7.482999801635742,0.004000000189989805,4.9085001945495605,5.099999904632568,1.5519999782554805
000049,0.1,0.03,9,699,19.18267888551286,15.907999992370605,-11.996999740600586,-1.6485000252723694,27.726999282836914,-8.258000373840332,1.1380000114440918,11.818999290466309,3.738999366760254,2.786500036716461
000049,0.1,0.03,10,269,12.723219406704658,10.142000198364258,7.117500066757202,-1.4579999446868896,13.287500381469727,8.861000061035156,0.004000000189989805,3.1455001831054688,1.743499994277954,1.4619999448768795
000049,0.1,0.03,11,1351,3.429497050398501,0.015999999828636646,-6.261500000953674,-1.9229999780654907,5.421000003814697,-2.4159998893737793,-0.09300000220537186,5.405000003986061,3.845500111579895,1.8299999758601189
000049,0.1,0.03,12,16,29.755172765414805,27.239999771118164,-11.97599983215332,-0.21299999952316284,27.638999938964844,-11.76099967956543,0.890999972820282,0.3990001678466797,0.21500015258789062,1.1039999723434448
000049,0.1,0.03,13,107,10.259319561170486,8.347000122070312,5.581999778747559,-1.4259999990463257,9.824999809265137,6.745999813079834,-0.8500000238418579,1.4779996871948242,1.1640000343322754,0.5759999752044678
000049,0.1,0.03,14,335,13.686718407354439,13.20300006866455,-4.789000034332275,-1.690000057220459,16.785999298095703,-3.2690000534057617,-0.2639999985694885,3.5829992294311523,1.5199999809265137,1.4260000586509705
000049,0.1,0.03,15,17,23.184888100684738,21.638999938964844,7.607999801635742,-0.2879999876022339,22.270999908447266,8.902000427246094,0.17100000381469727,0.6319999694824219,1.2940006256103516,0.45899999141693115
000049,0.1,0.03,16,9,11.722361980447884,8.789000034332275,-7.968999862670898,0.4963333209355672,8.99899959564209,-7.705999851226807,0.6140000224113464,0.20999956130981445,0.2630000114440918,0.11766670147577923
000049,0.1,0.03,17,54,11.602779642941123,7.427000045776367,-9.109999656677246,-0.5215000212192535,8.456000328063965,-8.215999603271484,0.6179999709129333,1.0290002822875977,0.8940000534057617,1.139499992132187
000049,0.1,0.03,18,179,23.86485724612064,23.62299919128418,0.6000000238418579,-1.3509999513626099,27.94499969482422,4.7789998054504395,1.1449999809265137,4.322000503540039,4.1789997816085815,2.4959999322891235
000049,0.1,0.03,19,130,15.055665007226422,14.819000244140625,1.6764999628067017,-1.5539999604225159,19.010499954223633,3.236999988555908,-0.7289999723434448,4.191499710083008,1.5605000257492065,0.824999988079071
000049,0.1,0.03,20,198,12.236577300650298,9.954999923706055,-10.005999565124512,-1.6929999589920044,13.26200008392334,-6.429999828338623,-1.4459999799728394,3.307000160217285,3.5759997367858887,0.24699997901916504
000049,0.1,0.03,21,32,27.02965277777386,25.709999084472656,7.315999984741211,-0.19300000369548798,27.216999053955078,8.859000205993652,0.164000004529953,1.5069999694824219,1.5430002212524414,0.357000008225441
000049,0.1,0.03,22,28,27.14771148287511,26.992000579833984,-4.160999774932861,-1.3489999771118164,27.350000381469727,-1.7100000381469727,-1.3320000171661377,0.3579998016357422,2.4509997367858887,0.01699995994567871
000049,0.1,0.03,23,17,28.601770086607544,27.329999923706055,-8.642000198364258,-0.5450000166893005,27.75200080871582,-8.434000015258789,1.1890000104904175,0.4220008850097656,0.20800018310546875,1.734000027179718
000049,0.1,0.03,24,28,17.823167363992084,15.219500064849854,-11.369999885559082,-1.6820000410079956,15.638999938964844,-9.168999671936035,-1.550499975681305,0.41949987411499023,2.201000213623047,0.13150006532669067
000049,0.1,0.03,25,25,23.421545908537983,23.361000061035156,-3.6700000762939453,-1.4479999542236328,23.701000213623047,-1.4259999990463257,-1.409000039100647,0.3400001525878906,2.2440000772476196,0.03899991512298584
000049,0.1,0.03,26,33,16.66669269996462,14.161999702453613,-11.170000076293945,-1.6920000314712524,14.60699987411499,-8.736000061035156,-1.5390000343322754,0.44500017166137695,2.434000015258789,0.15299999713897705
000049,0.1,0.03,27,35,18.281903367791138,16.23200035095215,-9.076000213623047,-0.9449999928474426,16.55900001525879,-8.359000205993652,0.8460000157356262,0.3269996643066406,0.7170000076293945,1.7910000085830688
000049,0.1,0.03,28,28,29.51568612130221,29.384000778198242,-4.459000110626221,-1.2999999523162842,29.864999771118164,-1.8799999952316284,-1.277999997138977,0.4809989929199219,2.5790001153945923,0.02199995517730713
000049,0.1,0.03,29,10,25.39533149352787,22.940000534057617,-11.085000038146973,0.003000000026077032,23.2810001373291,-10.873000144958496,0.2879999876022339,0.3409996032714844,0.21199989318847656,0.28499998757615685
000049,0.1,0.03,30,10,10.467042999800542,0.02199999988079071,-11.484750032424927,-1.9137499928474426,0.3057500049471855,-10.467000007629395,-1.9010000228881836,0.2837500050663948,1.0177500247955322,0.012749969959259033
000049,0.1,0.03,31,12,17.413608363146018,17.34600067138672,-2.1859999895095825,-1.522000014781952,17.399500846862793,-1.3134999871253967,-1.5099999904632568,0.05350017547607422,0.8725000023841858,0.012000024318695068
000049,0.1,0.03,32,15,21.9610073855484,21.92099952697754,-2.4054999351501465,-1.4514999985694885,22.299999237060547,-1.0570000410079956,-1.4170000553131104,0.3789997100830078,1.3484998941421509,0.034499943256378174
000049,0.1,0.03,33,10,19.52812644346894,19.481999397277832,-2.212499976158142,-1.4884999990463257,19.530500411987305,-1.2820000052452087,-1.4775000214576721,0.048501014709472656,0.9304999709129333,0.010999977588653564
000049,0.1,0.03,34,27,25.36430686518733,25.075000762939453,-3.819999933242798,-1.4019999504089355,25.72100067138672,-1.569000005722046,-1.3660000562667847,0.6459999084472656,2.250999927520752,0.03599989414215088
000049,0.1,0.03,35,8,9.351056309899672,0.031000000424683094,-9.791000048319498,-1.8880000114440918,0.49300000071525574,-9.35099983215332,-1.871500015258789,0.46200000029057264,0.4400002161661778,0.016499996185302734
000049,0.1,0.03,36,13,28.825160206619874,28.76300048828125,0.734000027179718,-1.281000018119812,29.538999557495117,1.8919999599456787,-1.24399995803833,0.7759990692138672,1.1579999327659607,0.037000060081481934
000049,0.1,0.03,37,10,19.894426522779526,19.740999221801758,1.812000036239624,-1.4220000505447388,20.152000427246094,2.4660000801086426,-1.3949999809265137,0.41100120544433594,0.6540000438690186,0.027000069618225098
000049,0.1,0.03,38,15,9.941728121811598,8.49899959564209,-6.35099983215332,-1.8009999990463257,9.619999885559082,-5.131999969482422,-1.665499985218048,1.1210002899169922,1.2189998626708984,0.1355000138282776
000049,0.1,0.08,0,336,8.705604850490374,7.9079999923706055,-4.718999862670898,-1.6100000143051147,11.605999946594238,-3.2739999294281006,-0.25999999046325684,3.697999954223633,1.4449999332427979,1.350000023841858
000049,0.1,0.08,1,52,18.868281156386647,18.347000122070312,4.25600004196167,-0.06199999898672104,18.749000549316406,4.689000129699707,0.8539999723434448,0.40200042724609375,0.4330000877380371,0.9159999713301659
000049,0.1,0.08,2,208,18.675053888759358,18.347000122070312,-5.0879998207092285,-1.4539999961853027,22.106000900268555,-3.2839999198913574,0.27000001072883606,3.759000778198242,1.803999900817871,1.7240000069141388
000049,0.1,0.08,3,155,20.142348426037778,20.141000747680664,-1.2269999980926514,-1.3589999675750732,21.31399917602539,0.4790000021457672,-0.08500000089406967,1.1729984283447266,1.7060000002384186,1.2739999666810036
000049,0.1,0.08,4,270,17.658264772139137,15.82450008392334,7.078999996185303,-1.2480000257492065,18.854000091552734,8.855999946594238,0.05700000002980232,3.0295000076293945,1.7769999504089355,1.3050000257790089
000049,0.1,0.08,5,23,29.149835676105788,28.805999755859375,4.2129998207092285,0.29899999499320984,29.091999053955078,4.598999977111816,1.2029999494552612,0.2859992980957031,0.3860001564025879,0.9039999544620514
000049,0.1,0.08,6,127,20.96209501750162,20.600000381469727,2.4954999685287476,-1.3355000019073486,22.307000160217285,4.7870001792907715,0.03799999877810478,1.7069997787475586,2.291500210762024,1.3735000006854534
000049,0.1,0.08,7,1898,2.423812020606089,0.013285714201629162,2.225499987602234,-1.562000036239624,8.982999801635742,5.546999931335449,0.5199999809265137,8.969714087434113,3.3214999437332153,2.0820000171661377
000049,0.1,0.08,8,238,9.634681506894161,5.8420000076293945,7.357999801635742,-1.3279999494552612,9.321999549865723,8.770999908447266,-0.039000000804662704,3.479999542236328,1.4130001068115234,1.2889999486505985
000049,0.1,0.08,9,35,15.135754261617157,13.373000144958496,7.013000011444092,-1.3079999685287476,13.854999542236328,7.260000228881836,-0.20000000298023224,0.48199939727783203,0.24700021743774414,1.1079999655485153
000049,0.1,0.08,10,699,19.18267888551286,15.907999992370605,-11.996999740600586,-1.6485000252723694,27.726999282836914,-8.258000373840332,1.1380000114440918,11.818999290466309,3.738999366760254,2.786500036716461
000049,0.1,0.08,11,262,12.723219406704658,10.142000198364258,7.117500066757202,-1.2269999980926514,13.287500381469727,8.861000061035156,0.004000000189989805,3.1455001831054688,1.743499994277954,1.2309999982826412
000049,0.1,0.08,12,1216,3.429497050398501,0.9100000262260437,-4.989000082015991,-1.9129999876022339,5.421000003814697,-2.4159998893737793,-0.09300000220537186,4.510999977588654,2.573000192642212,1.819999985396862
000049,0.1,0.08,13,597,12.88063555215117,12.505000114440918,2.382999897003174,-1.433249980211258,14.473999977111816,5.98799991607666,0.004000000189989805,1.9689998626708984,3.6050000190734863,1.4372499804012477
000049,0.1,0.08,14,16,29.755172765414805,27.239999771118164,-11.97599983215332,-0.21299999952316284,27.638999938964844,-11.76099967956543,0.890999972820282,0.3990001678466797,0.21500015258789062,1.1039999723434448
000049,0.1,0.08,15,107,10.259319561170486,8.347000122070312,5.581999778747559,-1.4259999990463257,9.824999809265137,6.745999813079834,-0.8500000238418579,1.4779996871948242,1.1640000343322754,0.5759999752044678
000049,0.1,0.08,16,313,13.686718407354439,13.20300006866455,-4.789000034332275,-1.5570000410079956,16.785999298095703,-3.2690000534057617,-0.2639999985694885,3.5829992294311523,1.5199999809265137,1.293000042438507
000049,0.1,0.08,17,17,23.184888100684738,21.638999938964844,7.607999801635742,-0.2879999876022339,22.270999908447266,8.902000427246094,0.17100000381469727,0.6319999694824219,1.2940006256103516,0.45899999141693115
000049,0.1,0.08,18,9,11.722361980447884,8.789000034332275,-7.968999862670898,0.4963333209355672,8.99899959564209,-7.705999851226807,0.6140000224113464,0.20999956130981445,0.2630000114440918,0.11766670147577923
000049,0.1,0.08,19,337,8.014529106571352,2.1630001068115234,7.265999794006348,-1.4299999475479126,4.769999980926514,8.970999717712402,-0.14800000190734863,2.6069998741149902,1.7049999237060547,1.281999945640564
000049,0.1,0.08,20,54,11.602779642941123,7.427000045776367,-9.109999656677246,-0.5215000212192535,8.456000328063965,-8.215999603271484,0.6179999709129333,1.0290002822875977,0.8940000534057617,1.139499992132187
000049,0.1,0.08,21,162,23.86485724612064,23.62299919128418,1.8289999961853027,-1.315500020980835,27.94499969482422,4.7789998054504395,1.1449999809265137,4.322000503540039,2.9499998092651367,2.4605000019073486
000049,0.1,0.08,22,185,12.72824523263588,10.135000228881836,-10.005999565124512,-1.6710000038146973,13.26200008392334,-7.004666646321614,-1.4459999799728394,3.126999855041504,3.0013329188028974,0.2250000238418579
000049,0.1,0.08,23,32,27.02965277777386,25.709999084472656,7.315999984741211,-0.19300000369548798,27.216999053955078,8.859000205993652,0.164000004529953,1.5069999694824219,1.5430002212524414,0.357000008225441
000049,0.1,0.08,24,28,27.14771148287511,26.992000579833984,-4.160999774932861,-1.3489999771118164,27.350000381469727,-1.7100000381469727,-1.3320000171661377,0.3579998016357422,2.4509997367858887,0.01699995994567871
000049,0.1,0.08,25,17,28.601770086607544,27.329999923706055,-8.642000198364258,-0.5450000166893005,27.75200080871582,-8.434000015258789,1.1890000104904175,0.4220008850097656,0.20800018310546875,1.734000027179718
000049,0.1,0.08,26,34,17.823167363992084,15.219500064849854,-11.670000076293945,-1.6990000009536743,15.638999938964844,-9.168999671936035,-1.550499975681305,0.41949987411499023,2.50100040435791,0.14850002527236938
000049,0.1,0.08,27,93,15.813635335893219,15.580999851226807,2.0999999046325684,-1.4160000085830688,18.33099937438965,3.236999988555908,-0.7289999723434448,2.749999523162842,1.1370000839233398,0.687000036239624
000049,0.1,0.08,28,34,16.66669269996462,14.161999702453613,-11.291000366210938,-1.7009999752044678,14.60699987411499,-8.736000061035156,-1.5390000343322754,0.44500017166137695,2.5550003051757812,0.16199994087219238
000049,0.1,0.08,29,35,18.281903367791138,16.23200035095215,-9.076000213623047,-0.9449999928474426,16.55900001525879,-8.359000205993652,0.8460000157356262,0.3269996643066406,0.7170000076293945,1.7910000085830688
000049,0.1,0.08,30,28,29.51568612130221,29.384000778198242,-4.459000110626221,-1.2999999523162842,29.864999771118164,-1.8799999952316284,-1.277999997138977,0.4809989929199219,2.5790001153945923,0.02199995517730713
000049,0.1,0.08,31,10,25.39533149352787,22.940000534057617,-11.085000038146973,0.003000000026077032,23.2810001373291,-10.873000144958496,0.2879999876022339,0.3409996032714844,0.21199989318847656,0.28499998757615685
000049,0.1,0.08,32,27,25.36430686518733,25.075000762939453,-3.819999933242798,-1.4019999504089355,25.72100067138672,-1.569000005722046,-1.3660000562667847,0.6459999084472656,2.250999927520752,0.03599989414215088
000049,0.1,0.3,0,280,8.705604850490374,7.9079999923706055,-4.718999862670898,-1.3957500159740448,11.605999946594238,-3.2739999294281006,-0.25999999046325684,3.697999954223633,1.4449999332427979,1.135750025510788
000049,0.1,0.3,1,52,18.868281156386647,18.347000122070312,4.25600004196167,-0.06199999898672104,18.749000549316406,4.689000129699707,0.8539999723434448,0.40200042724609375,0.4330000877380371,0.9159999713301659
000049,0.1,0.3,2,127,20.142348426037778,20.141000747680664,-1.2269999980926514,-1.090000033378601,21.31399917602539,0.4790000021457672,-0.08500000089406967,1.1729984283447266,1.7060000002384186,1.0050000324845314
000049,0.1,0.3,3,248,17.658264772139137,15.82450008392334,7.078999996185303,-1.0870000123977661,18.854000091552734,8.855999946594238,0.05700000002980232,3.0295000076293945,1.7769999504089355,1.1440000124275684
000049,0.1,0.3,4,23,29.149835676105788,28.805999755859375,4.2129998207092285,0.29899999499320984,29.091999053955078,4.598999977111816,1.2029999494552612,0.2859992980957031,0.3860001564025879,0.9039999544620514
000049,0.1,0.3,5,117,20.96209501750162,20.600000381469727,3.0250000953674316,-1.031000018119812,22.307000160217285,4.7870001792907715,0.03799999877810478,1.7069997787475586,1.7620000839233398,1.0690000168979168
000049,0.1,0.3,6,567,6.728876286337476,5.9375,2.6299999952316284,-1.32150000333786,8.894000053405762,5.540999889373779,0.5199999809265137,2.9565000534057617,2.910999894142151,1.8414999842643738
000049,0.1,0.3,7,227,9.634681506894161,5.8420000076293945,7.357999801635742,-1.2440000176429749,9.321999549865723,8.76099967956543,-0.039000000804662704,3.479999542236328,1.4029998779296875,1.2050000168383121
000049,0.1,0.3,8,32,15.135754261617157,13.373000144958496,7.013000011444092,-1.1230000257492065,13.854999542236328,7.260000228881836,-0.20000000298023224,0.48199939727783203,0.24700021743774414,0.9230000227689743
000049,0.1,0.3,9,191,18.675053888759358,18.347000122070312,-5.0879998207092285,-1.215999960899353,22.106000900268555,-3.2839999198913574,0.27000001072883606,3.759000778198242,1.803999900817871,1.485999971628189
000049,0.1,0.3,10,255,12.723219406704658,10.142000198364258,7.117500066757202,-1.159000039100647,13.287500381469727,8.861000061035156,0.004000000189989805,3.1455001831054688,1.743499994277954,1.1630000392906368
000049,0.1,0.3,11,1102,3.429497050398501,0.9100000262260437,-4.989000082015991,-1.475250005722046,5.421000003814697,-2.4159998893737793,-0.09300000220537186,4.510999977588654,2.573000192642212,1.382250003516674
000049,0.1,0.3,12,635,19.18267888551286,15.907999992370605,-11.996999740600586,-1.4040000438690186,27.726999282836914,-8.258000373840332,1.1380000114440918,11.818999290466309,3.738999366760254,2.5420000553131104
000049,0.1,0.3,13,538,12.88063555215117,12.505000114440918,2.382999897003174,-1.2209999561309814,14.473999977111816,5.98799991607666,0.004000000189989805,1.9689998626708984,3.6050000190734863,1.2249999563209713
000049,0.1,0.3,14,16,29.755172765414805,27.239999771118164,-11.97599983215332,-0.21299999952316284,27.638999938964844,-11.76099967956543,0.890999972820282,0.3990001678466797,0.21500015258789062,1.1039999723434448
000049,0.1,0.3,15,90,10.552664932488177,8.692666371663412,5.581999778747559,-1.2369999885559082,9.824999809265137,6.695000171661377,-0.8500000238418579,1.1323334376017247,1.1130003929138184,0.3869999647140503
000049,0.1,0.3,16,269,13.686718407354439,13.20300006866455,-4.789000034332275,-1.2910000085830688,16.785999298095703,-3.2769999504089355,-0.2639999985694885,3.5829992294311523,1.5120000839233398,1.0270000100135803
000049,0.1,0.3,17,17,23.184888100684738,21.638999938964844,7.607999801635742,-0.2879999876022339,22.270999908447266,8.902000427246094,0.17100000381469727,0.6319999694824219,1.2940006256103516,0.45899999141693115
000049,0.1,0.3,18,9,11.722361980447884,8.789000034332275,-7.968999862670898,0.4963333209355672,8.99899959564209,-7.705999851226807,0.6140000224113464,0.20999956130981445,0.2630000114440918,0.11766670147577923
000049,0.1,0.3,19,330,8.014529106571352,2.1630001068115234,7.265999794006348,-1.2699999809265137,4.769999980926514,8.970999717712402,-0.14800000190734863,2.6069998741149902,1.7049999237060547,1.121999979019165
000049,0.1,0.3,20,54,11.602779642941123,7.427000045776367,-9.109999656677246,-0.5215000212192535,8.456000328063965,-8.215999603271484,0.6179999709129333,1.0290002822875977,0.8940000534057617,1.139499992132187
000049,0.1,0.3,21,262,4.631921147181807,2.944000005722046,2.868499994277954,-1.3524999618530273,4.413000106811523,4.7829999923706055,0.010999999940395355,1.4690001010894775,1.9144999980926514,1.3634999617934227
000049,0.1,0.3,22,618,2.423812020606089,0.013285714201629162,2.4119999408721924,-1.381500005722046,2.7200000286102295,4.789000034332275,-0.11599999831782447,2.7067143144086003,2.377000093460083,1.2655000074042215
000049,0.1,0.3,23,32,27.02965277777386,25.709999084472656,7.315999984741211,-0.19300000369548798,27.216999053955078,8.859000205993652,0.164000004529953,1.5069999694824219,1.5430002212524414,0.357000008225441
000049,0.1,0.3,24,64,23.955610576373402,23.729999542236328,2.7119998931884766,-1.0460000038146973,24.79199981689453,4.7789998054504395,0.1679999977350235,1.0620002746582031,2.066999912261963,1.2140000015497208
000049,0.1,0.3,25,17,28.601770086607544,27.329999923706055,-8.642000198364258,-0.5450000166893005,27.75200080871582,-8.434000015258789,1.1890000104904175,0.4220008850097656,0.20800018310546875,1.734000027179718
000049,0.1,0.3,26,54,16.013083197890992,15.779000282287598,2.23799991607666,-1.1834999918937683,18.33099937438965,3.236999988555908,-0.7289999723434448,2.551999092102051,0.999000072479248,0.4545000195503235
000049,0.1,0.3,27,35,18.281903367791138,16.23200035095215,-9.076000213623047,-0.9449999928474426,16.55900001525879,-8.359000205993652,0.8460000157356262,0.3269996643066406,0.7170000076293945,1.7910000085830688
000049,0.1,0.3,28,41,26.65013476200565,26.50200080871582,2.1489999294281006,-1.0110000371932983,27.94499969482422,3.062999963760376,1.1449999809265137,1.4429988861083984,0.9140000343322754,2.156000018119812
000049,0.1,0.3,29,10,25.39533149352787,22.940000534057617,-11.085000038146973,0.003000000026077032,23.2810001373291,-10.873000144958496,0.2879999876022339,0.3409996032714844,0.21199989318847656,0.28499998757615685
000049,0.3,0.03,0,86,13.759780554998338,13.250588360954733,-4.789000034332275,-1.684666673342387,16.733999888102215,-3.2890000343322754,-0.2642857091767447,3.4834115271474815,1.5,1.4203809641656422
000049,0.3,0.03,1,84,18.712264364251237,18.380499839782715,-4.215000057220459,-1.5030000060796738,22.106000900268555,-3.3399999141693115,0.27000001072883606,3.72550106048584,0.8750001430511478,1.7730000168085098
000049,0.3,0.03,2,207,11.074227242246726,10.271333376566568,2.3919999599456787,-1.546000027656555,14.812999725341797,6.482999801635742,0.004000000189989805,4.5416663487752285,4.0909998416900635,1.550000027846545
000049,0.3,0.03,3,15,18.901234459548114,18.391222212049698,4.28459997177124,0.02554545517672192,18.584667205810547,4.666000048319499,0.8524999916553497,0.19344499376084912,0.3814000765482586,0.8269545364786278
000049,0.3,0.03,4,13,29.157978981135564,28.812999725341797,4.267666498819987,0.3500000014901161,29.043999671936035,4.52400016784668,1.2014999985694885,0.23099994659423828,0.2563336690266924,0.8514999970793724
000049,0.3,0.03,5,50,20.208583921679033,20.198444366455078,-1.2164999842643738,-1.3589999675750732,21.172000885009766,0.4790000021457672,-0.08520000129938125,0.9735565185546875,1.695499986410141,1.273799966275692
000049,0.3,0.03,6,29,25.83676257414627,25.67099952697754,1.6069999933242798,-1.315000057220459,27.68000030517578,2.9595000743865967,-0.3709999918937683,2.009000778198242,1.352500081062317,0.9440000653266907
000049,0.3,0.03,7,234,19.223286904156538,15.969799995422363,-11.987000465393066,-1.6421666940053303,27.726999282836914,-8.770999908447266,1.1389999985694885,11.75719928741455,3.216000556945801,2.7811666925748186
000049,0.3,0.03,8,222,3.5273289664195575,0.0707999992929399,-5.645944409900242,-1.9132500290870667,5.421000003814697,-2.4480000336964927,-0.09300000220537186,5.350200004521757,3.197944376203749,1.8202500268816948
000049,0.3,0.03,9,657,2.4748292162337764,0.03113333364534709,1.5128695653832478,-1.6848260889882627,10.39050006866455,11.265000343322754,0.453000009059906,10.359366735019204,9.752130777939506,2.1378260980481687
000049,0.3,0.03,10,36,23.952422027583502,23.725500106811523,2.215999960899353,-1.3109999895095825,24.914000511169434,4.490499973297119,0.1679999977350235,1.1885004043579102,2.274500012397766,1.478999987244606
000049,0.3,0.03,11,89,8.765504481153599,7.871500015258789,-4.718999862670898,-1.7579999715089798,11.833875179290771,-3.2999999821186066,-0.2606666684150696,3.9623751640319824,1.4189998805522919,1.4973333030939102
000049,0.3,0.03,12,71,12.281927980246916,9.98571423121861,-9.951000213623047,-1.6866666475931804,13.208999951680502,-6.702333291371663,-1.4639999866485596,3.2232857204618917,3.2486669222513838,0.22266666094462084
000049,0.3,0.03,13,48,15.197580640173213,14.97100019454956,1.848799991607666,-1.4902857371738978,18.33099937438965,3.236999988555908,-0.7289999723434448,3.359999179840088,1.3881999969482421,0.761285764830453
000049,0.3,0.03,14,105,17.10706529026926,15.319599914550782,6.607249975204468,-1.4010000228881836,18.814000129699707,8.855999946594238,0.05700000002980232,3.494400215148925,2.2487499713897705,1.458000022917986
000049,0.3,0.03,15,10,11.067982279034736,8.109125018119812,7.372000217437744,-0.6740000247955322,9.321999549865723,7.705999851226807,-0.15144444505373636,1.2128745317459106,0.3339996337890625,0.5225555797417959
000049,0.3,0.03,16,70,12.748057176540751,10.207125186920166,7.2303999900817875,-1.4574999809265137,13.110000133514404,8.861000061035156,0.0033333334140479565,2.9028749465942383,1.6306000709533688,1.4608333143405616
000049,0.3,0.03,17,42,20.99530505464137,20.640143258231028,2.6726667086283364,-1.3593333562215169,22.04800033569336,4.7870001792907715,0.03739999979734421,1.4078570774623316,2.114333470662435,1.396733356018861
000049,0.3,0.03,18,27,10.329375401441775,8.394500255584717,5.741142817905971,-1.3849999904632568,9.815333048502604,6.6293331782023115,-0.903000017007192,1.4208327929178868,0.8881903602963401,0.4819999734560648
000049,0.3,0.03,19,13,16.75700216239562,14.191999753316244,-10.57349967956543,-1.6725000143051147,14.60699987411499,-8.789999961853027,-1.5490000247955322,0.41500012079874615,1.7834997177124023,0.12349998950958252
000049,0.3,0.03,20,11,29.764234513620423,27.267000198364258,-11.97599983215332,-0.21299999952316284,27.638999938964844,-11.76099967956543,0.890999972820282,0.37199974060058594,0.21500015258789062,1.1039999723434448
000049,0.3,0.03,21,17,14.672609200700002,13.038999557495117,6.607750058174133,-1.434000015258789,13.929499944051107,7.225333372751872,-0.26100000242392224,0.8905003865559902,0.6175833145777387,1.1730000128348668
000049,0.3,0.03,22,8,27.02965277777386,25.709999084472656,7.519333203633626,-0.17299999296665192,26.56100082397461,8.46399974822998,0.164000004529953,0.8510017395019531,0.9446665445963545,0.3369999974966049
000049,0.3,0.03,23,12,28.601770086607544,27.329999923706055,-8.630000114440918,-0.5450000166893005,27.75200080871582,-8.434000015258789,0.9580000042915344,0.4220008850097656,0.1960000991821289,1.503000020980835
000049,0.3,0.03,24,10,10.692344232275167,7.472928660256522,7.553399991989136,-0.1907692299439357,8.362249970436096,8.278500080108643,-0.039000000804662704,0.8893213101795743,0.7251000881195067,0.151769229139273
000049,0.3,0.03,25,7,19.06834607369439,18.43199920654297,-5.008249998092651,-0.27250000461935997,18.777999877929688,-4.494166612625122,0.17599999904632568,0.34600067138671875,0.5140833854675293,0.44850000366568565
000049,0.3,0.03,26,9,27.737980688533273,26.375999450683594,8.039999961853027,-0.19300000369548798,27.216999053955078,8.859000205993652,-0.013500000350177288,0.8409996032714844,0.819000244140625,0.1795000033453107
000049,0.3,0.03,27,5,22.12683047444314,21.624000549316406,4.139666716257731,-0.26100000739097595,22.117333730061848,4.690333366394043,-0.10899999737739563,0.4933331807454415,0.5506666501363116,0.15200001001358032
000049,0.3,0.08,0,82,13.759780554998338,13.250588360954733,-4.789000034332275,-1.534999966621399,16.733999888102215,-3.2890000343322754,-0.2642857091767447,3.4834115271474815,1.5,1.2707142574446542
000049,0.3,0.08,1,83,18.712264364251237,18.380499839782715,-4.215000057220459,-1.403571435383388,22.106000900268555,-3.3399999141693115,0.27000001072883606,3.72550106048584,0.8750001430511478,1.673571446112224
000049,0.3,0.08,2,106,12.999992426345104,12.594033241271973,2.3919999599456787,-1.440214284828731,14.400285857064384,5.914999961853027,0.004000000189989805,1.8062526157924115,3.5230000019073486,1.4442142850187207
000049,0.3,0.08,3,15,18.901234459548114,18.391222212049698,4.28459997177124,0.02554545517672192,18.584667205810547,4.666000048319499,0.8524999916553497,0.19344499376084912,0.3814000765482586,0.8269545364786278
000049,0.3,0.08,4,13,29.157978981135564,28.812999725341797,4.267666498819987,0.3500000014901161,29.043999671936035,4.52400016784668,1.2014999985694885,0.23099994659423828,0.2563336690266924,0.8514999970793724
000049,0.3,0.08,5,50,20.208583921679033,20.198444366455078,-1.2164999842643738,-1.3589999675750732,21.172000885009766,0.4790000021457672,-0.08520000129938125,0.9735565185546875,1.695499986410141,1.273799966275692
000049,0.3,0.08,6,26,25.83676257414627,25.67099952697754,1.9049999713897705,-1.284999966621399,27.68000030517578,2.9595000743865967,-0.3709999918937683,2.009000778198242,1.0545001029968262,0.9139999747276306
000049,0.3,0.08,7,234,19.223286904156538,15.969799995422363,-11.987000465393066,-1.6421666940053303,27.726999282836914,-8.770999908447266,1.1389999985694885,11.75719928741455,3.216000556945801,2.7811666925748186
000049,0.3,0.08,8,193,3.5273289664195575,0.9100000262260437,-4.989000082015991,-1.668500006198883,5.421000003814697,-2.4480000336964927,-0.09300000220537186,4.510999977588654,2.5410000483194985,1.5755000039935112
000049,0.3,0.08,9,33,9.681941964736227,5.8420000076293945,7.598571368626186,-1.418833315372467,7.552636406638405,8.698200035095216,-0.1199090914292769,1.7106363990090108,1.0996286664690293,1.2989242239431902
000049,0.3,0.08,10,36,23.952422027583502,23.725500106811523,2.215999960899353,-1.3109999895095825,24.914000511169434,4.490499973297119,0.1679999977350235,1.1885004043579102,2.274500012397766,1.478999987244606
000049,0.3,0.08,11,104,2.4748292162337764,0.03113333364534709,2.456714285744561,-1.562000036239624,3.3038148085276284,5.09333332379659,-0.11744444375788723,3.2726814748822814,2.6366190380520287,1.4445555924817368
000049,0.3,0.08,12,226,4.631921147181807,3.047174586190118,2.225000023841858,-1.5444999933242798,8.894000053405762,5.500599956512451,0.453000009059906,5.846825467215644,3.275599932670593,1.9975000023841858
000049,0.3,0.08,13,77,8.014529106571352,2.1630001068115234,7.265999794006348,-1.4299999475479126,4.698400020599365,8.938857214791435,-0.14800000190734863,2.535399913787842,1.6728574207850873,1.281999945640564
000049,0.3,0.08,14,82,8.811653280273433,7.9079999923706055,-4.718999862670898,-1.5794000148773193,11.605999946594238,-3.3466363820162686,-0.2606666684150696,3.697999954223633,1.3723634806546299,1.3187333464622497
000049,0.3,0.08,15,64,12.75592613327533,10.181333541870117,-9.951000213623047,-1.6677777899636164,13.208999951680502,-7.2017777760823565,-1.4639999866485596,3.0276664098103847,2.7492224375406904,0.2037778033150568
000049,0.3,0.08,16,40,15.76853447351916,15.54399988386366,2.0944000244140626,-1.4087692132362952,18.33099937438965,3.236999988555908,-0.7289999723434448,2.7869994905259876,1.1425999641418456,0.6797692408928504
000049,0.3,0.08,17,80,17.718342605579068,15.891499837239584,7.089000225067139,-1.1166666746139526,18.814000129699707,8.855999946594238,0.05700000002980232,2.922500292460123,1.7669997215270996,1.173666674643755
000049,0.3,0.08,18,10,11.067982279034736,8.109125018119812,7.372000217437744,-0.6740000247955322,9.321999549865723,7.705999851226807,-0.15144444505373636,1.2128745317459106,0.3339996337890625,0.5225555797417959
000049,0.3,0.08,19,68,12.748057176540751,10.207125186920166,7.2303999900817875,-1.159000039100647,13.110000133514404,8.861000061035156,0.0033333334140479565,2.9028749465942383,1.6306000709533688,1.162333372514695
000049,0.3,0.08,20,41,20.99530505464137,20.640143258231028,2.7939999103546143,-1.3270000219345093,22.04800033569336,4.7870001792907715,0.03739999979734421,1.4078570774623316,1.9930002689361572,1.3644000217318535
000049,0.3,0.08,21,27,10.329375401441775,8.394500255584717,5.741142817905971,-1.3849999904632568,9.815333048502604,6.6293331782023115,-0.903000017007192,1.4208327929178868,0.8881903602963401,0.4819999734560648
000049,0.3,0.08,22,13,16.75700216239562,14.191999753316244,-10.57349967956543,-1.6725000143051147,14.60699987411499,-8.789999961853027,-1.5490000247955322,0.41500012079874615,1.7834997177124023,0.12349998950958252
000049,0.3,0.08,23,11,29.764234513620423,27.267000198364258,-11.97599983215332,-0.21299999952316284,27.638999938964844,-11.76099967956543,0.890999972820282,0.37199974060058594,0.21500015258789062,1.1039999723434448
000049,0.3,0.08,24,11,15.21206150406565,13.484999656677246,7.013000011444092,-1.3079999685287476,13.769333309597439,7.225333372751872,-0.26100000242392224,0.28433365292019275,0.21233336130778024,1.0469999661048253
000049,0.3,0.08,25,8,27.02965277777386,25.709999084472656,7.519333203633626,-0.17299999296665192,26.56100082397461,8.46399974822998,0.164000004529953,0.8510017395019531,0.9446665445963545,0.3369999974966049
000049,0.3,0.08,26,12,28.601770086607544,27.329999923706055,-8.630000114440918,-0.5450000166893005,27.75200080871582,-8.434000015258789,0.9580000042915344,0.4220008850097656,0.1960000991821289,1.503000020980835
000049,0.3,0.08,27,10,10.692344232275167,7.472928660256522,7.553399991989136,-0.1907692299439357,8.362249970436096,8.278500080108643,-0.039000000804662704,0.8893213101795743,0.7251000881195067,0.151769229139273
000049,0.3,0.08,28,7,19.06834607369439,18.43199920654297,-5.008249998092651,-0.27250000461935997,18.777999877929688,-4.494166612625122,0.17599999904632568,0.34600067138671875,0.5140833854675293,0.44850000366568565
000049,0.3,0.08,29,9,27.737980688533273,26.375999450683594,8.039999961853027,-0.19300000369548798,27.216999053955078,8.859000205993652,-0.013500000350177288,0.8409996032714844,0.819000244140625,0.1795000033453107
000049,0.3,0.08,30,5,22.12683047444314,21.624000549316406,4.139666716257731,-0.26100000739097595,22.117333730061848,4.690333366394043,-0.10899999737739563,0.4933331807454415,0.5506666501363116,0.15200001001358032
000049,0.3,0.3,0,57,13.759780554998338,13.250588360954733,-4.789000034332275,-1.1433333158493042,15.341499964396158,-3.304199981689453,-0.2642857091767447,2.090911603441425,1.4848000526428224,0.8790476066725594
000049,0.3,0.3,1,75,18.712264364251237,18.380499839782715,-4.215000057220459,-1.2109999656677246,22.106000900268555,-3.3399999141693115,0.27000001072883606,3.72550106048584,0.8750001430511478,1.4809999763965607
000049,0.3,0.3,2,100,12.999992426345104,12.594033241271973,2.3919999599456787,-1.1427999973297118,14.400285857064384,5.914999961853027,0.004000000189989805,1.8062526157924115,3.5230000019073486,1.1467999975197016
000049,0.3,0.3,3,15,18.901234459548114,18.391222212049698,4.28459997177124,0.02554545517672192,18.584667205810547,4.666000048319499,0.8524999916553497,0.19344499376084912,0.3814000765482586,0.8269545364786278
000049,0.3,0.3,4,13,29.157978981135564,28.812999725341797,4.267666498819987,0.3500000014901161,29.043999671936035,4.52400016784668,1.2014999985694885,0.23099994659423828,0.2563336690266924,0.8514999970793724
000049,0.3,0.3,5,34,20.208583921679033,20.198444366455078,-1.1559999585151672,-1.1320000092188518,20.923999786376953,0.4790000021457672,-0.08520000129938125,0.725555419921875,1.6349999606609344,1.0468000079194706
000049,0.3,0.3,6,12,26.77701766856473,26.645333607991535,2.1489999294281006,-1.0110000371932983,27.68000030517578,2.938999891281128,-0.3709999918937683,1.034666697184246,0.7899999618530273,0.64000004529953
000049,0.3,0.3,7,205,19.223286904156538,15.969799995422363,-11.937833468119303,-1.3612499833106995,27.726999282836914,-8.770999908447266,1.1389999985694885,11.75719928741455,3.166833559672037,2.500249981880188
000049,0.3,0.3,8,186,3.5273289664195575,0.9100000262260437,-4.989000082015991,-1.46299999630129,5.421000003814697,-2.4480000336964927,-0.09300000220537186,4.510999977588654,2.5410000483194985,1.3699999940959182
000049,0.3,0.3,9,30,9.681941964736227,5.8420000076293945,7.598571368626186,-1.141071421759469,7.552636406638405,8.698200035095216,-0.1199090914292769,1.7106363990090108,1.0996286664690293,1.0211623303301922
000049,0.3,0.3,10,26,23.999217797328605,23.771333694458008,2.7119998931884766,-1.0420000553131104,24.780000686645508,4.490499973297119,0.1679999977350235,1.0086669921875,1.7785000801086426,1.2100000530481339
000049,0.3,0.3,11,94,2.4748292162337764,0.03113333364534709,2.456714285744561,-1.3506666592189245,2.657352938371546,4.717470561756807,-0.11744444375788723,2.626219604726199,2.2607562760122457,1.2332222154610373
000049,0.3,0.3,12,60,4.631921147181807,3.047174586190118,2.9513076818906345,-1.3462499976158142,4.413000106811523,4.7829999923706055,0.010999999940395355,1.3658255206214056,1.831692310479971,1.3572499975562096
000049,0.3,0.3,13,91,6.731019481299772,6.054999828338623,2.75579997698466,-1.3065555625491672,8.894000053405762,5.407999919011043,0.453000009059906,2.8390002250671387,2.6521999420263827,1.7595555716090732
000049,0.3,0.3,14,75,8.014529106571352,2.1630001068115234,7.265999794006348,-1.2699999809265137,4.698400020599365,8.938857214791435,-0.14800000190734863,2.535399913787842,1.6728574207850873,1.121999979019165
000049,0.3,0.3,15,67,8.811653280273433,7.9079999923706055,-4.718999862670898,-1.358666678269704,11.348142760140556,-3.3518333435058594,-0.2606666684150696,3.4401427677699505,1.367166519165039,1.0980000098546345
000049,0.3,0.3,16,26,16.107255346205232,15.907000064849854,2.23799991607666,-1.1834999918937683,18.33099937438965,3.236999988555908,-0.7289999723434448,2.423999309539795,0.999000072479248,0.4545000195503235
000049,0.3,0.3,17,74,17.718342605579068,15.891499837239584,7.089000225067139,-1.0800000031789143,18.814000129699707,8.855999946594238,0.05700000002980232,2.922500292460123,1.7669997215270996,1.1370000032087166
000049,0.3,0.3,18,10,11.067982279034736,8.109125018119812,7.372000217437744,-0.6740000247955322,9.321999549865723,7.705999851226807,-0.15144444505373636,1.2128745317459106,0.3339996337890625,0.5225555797417959
000049,0.3,0.3,19,68,12.748057176540751,10.207125186920166,7.2303999900817875,-1.159000039100647,13.110000133514404,8.861000061035156,0.0033333334140479565,2.9028749465942383,1.6306000709533688,1.162333372514695
000049,0.3,0.3,20,37,20.99530505464137,20.640143258231028,3.0429999828338623,-1.031000018119812,21.632999420166016,4.7870001792907715,0.03739999979734421,0.9928561619349878,1.7440001964569092,1.0684000179171562
000049,0.3,0.3,21,22,10.613682380527656,8.736999893188477,5.741142817905971,-1.2313636432994495,9.815333048502604,6.538000106811523,-0.903000017007192,1.0783331553141267,0.7968572889055521,0.32836362629225746
000049,0.3,0.3,22,11,29.764234513620423,27.267000198364258,-11.97599983215332,-0.21299999952316284,27.638999938964844,-11.76099967956543,0.890999972820282,0.37199974060058594,0.21500015258789062,1.1039999723434448
000049,0.3,0.3,23,9,15.255393308637341,13.507285799298968,7.013000011444092,-1.1166666746139526,13.769333309597439,7.225333372751872,-0.26100000242392224,0.26204751029847095,0.21233336130778024,0.8556666721900303
000049,0.3,0.3,24,8,27.02965277777386,25.709999084472656,7.519333203633626,-0.17299999296665192,26.56100082397461,8.46399974822998,0.164000004529953,0.8510017395019531,0.9446665445963545,0.3369999974966049
000049,0.3,0.3,25,12,28.601770086607544,27.329999923706055,-8.630000114440918,-0.5450000166893005,27.75200080871582,-8.434000015258789,0.9580000042915344,0.4220008850097656,0.1960000991821289,1.503000020980835
000049,0.3,0.3,26,10,10.692344232275167,7.472928660256522,7.553399991989136,-0.1907692299439357,8.362249970436096,8.278500080108643,-0.039000000804662704,0.8893213101795743,0.7251000881195067,0.151769229139273
000049,0.3,0.3,27,7,19.06834607369439,18.43199920654297,-5.008249998092651,-0.27250000461935997,18.777999877929688,-4.494166612625122,0.17599999904632568,0.34600067138671875,0.5140833854675293,0.44850000366568565
000049,0.3,0.3,28,9,27.737980688533273,26.375999450683594,8.039999961853027,-0.19300000369548798,27.216999053955078,8.859000205993652,-0.013500000350177288,0.8409996032714844,0.819000244140625,0.1795000033453107
000049,0.3,0.3,29,5,22.12683047444314,21.624000549316406,4.139666716257731,-0.26100000739097595,22.117333730061848,4.690333366394043,-0.10899999737739563,0.4933331807454415,0.5506666501363116,0.15200001001358032
