frame,voxel_size,distance_threshold,eps,min_points,repetition,roi_points,voxel_points,ground_points,obstacle_points,noise_points,clusters,mean_dx_m,mean_dy_m,mean_dz_m,nearest_m,nearest_return_m,ground_valid,voxel_ms,ground_ms,cluster_ms,total_ms
000001,0.05,0.03,0.6,8,0,50203,34371,11755,22616,222,36,3.00345828834947,1.2589907953170716,0.2648888804294445,3.9678470617325665,1.5919788078221546,True,20.52430000003369,5.626599999914106,72.1229000000676,98.2738000000154
000001,0.05,0.03,0.6,8,1,50203,34371,11755,22616,222,36,3.00345828834947,1.2589907953170716,0.2648888804294445,3.9678470617325665,1.5919788078221546,True,17.19849999994949,6.530599999905462,79.36150000000453,103.09059999985948
000001,0.05,0.03,0.6,8,2,50203,34371,11755,22616,222,36,3.00345828834947,1.2589907953170716,0.2648888804294445,3.9678470617325665,1.5919788078221546,True,20.479799999975512,6.4844999999422726,79.14440000013201,106.1087000000498
000001,0.05,0.03,0.6,8,3,50203,34371,11755,22616,222,36,3.00345828834947,1.2589907953170716,0.2648888804294445,3.9678470617325665,1.5919788078221546,True,21.740899999940666,5.887900000061563,75.70099999998092,103.32979999998315
000001,0.05,0.03,0.6,8,4,50203,34371,11755,22616,222,36,3.00345828834947,1.2589907953170716,0.2648888804294445,3.9678470617325665,1.5919788078221546,True,25.418700000045646,6.678399999827889,82.14520000001357,114.24229999988711
000001,0.05,0.03,0.6,8,5,50203,34371,11755,22616,222,36,3.00345828834947,1.2589907953170716,0.2648888804294445,3.9678470617325665,1.5919788078221546,True,19.35219999995752,6.219500000042899,75.80030000008264,101.37200000008306
000001,0.05,0.03,0.6,8,6,50203,34371,11755,22616,222,36,3.00345828834947,1.2589907953170716,0.2648888804294445,3.9678470617325665,1.5919788078221546,True,22.844399999939924,6.349700000100711,81.61089999998694,110.80500000002758
000001,0.05,0.03,0.6,8,7,50203,34371,11755,22616,222,36,3.00345828834947,1.2589907953170716,0.2648888804294445,3.9678470617325665,1.5919788078221546,True,18.059199999925113,6.403399999953763,75.68960000003244,100.15219999991132
000001,0.05,0.03,0.6,8,8,50203,34371,11755,22616,222,36,3.00345828834947,1.2589907953170716,0.2648888804294445,3.9678470617325665,1.5919788078221546,True,18.77029999991464,7.470800000191957,79.94489999987309,106.18599999997969
000001,0.05,0.03,0.6,8,9,50203,34371,11755,22616,222,36,3.00345828834947,1.2589907953170716,0.2648888804294445,3.9678470617325665,1.5919788078221546,True,23.95050000018273,8.278499999960331,82.23840000005112,114.46740000019417
000001,0.05,0.03,0.6,8,10,50203,34371,11755,22616,222,36,3.00345828834947,1.2589907953170716,0.2648888804294445,3.9678470617325665,1.5919788078221546,True,19.132299999910174,7.0785000000341824,75.24140000009538,101.45220000003974
000001,0.05,0.03,0.6,8,11,50203,34371,11755,22616,222,36,3.00345828834947,1.2589907953170716,0.2648888804294445,3.9678470617325665,1.5919788078221546,True,25.690700000041033,9.436199999981909,96.70610000011948,131.83300000014242
000001,0.05,0.03,0.6,8,12,50203,34371,11755,22616,222,36,3.00345828834947,1.2589907953170716,0.2648888804294445,3.9678470617325665,1.5919788078221546,True,21.24909999997726,7.8754000001026725,84.50590000006741,113.63040000014735
000001,0.05,0.03,0.6,8,13,50203,34371,11755,22616,222,36,3.00345828834947,1.2589907953170716,0.2648888804294445,3.9678470617325665,1.5919788078221546,True,16.240199999856486,6.681800000023941,71.50890000002619,94.43089999990661
000001,0.05,0.03,0.6,8,14,50203,34371,11755,22616,222,36,3.00345828834947,1.2589907953170716,0.2648888804294445,3.9678470617325665,1.5919788078221546,True,20.9253999998964,6.547100000034334,80.89369999993323,108.36619999986397
000001,0.05,0.03,0.6,8,15,50203,34371,11755,22616,222,36,3.00345828834947,1.2589907953170716,0.2648888804294445,3.9678470617325665,1.5919788078221546,True,18.929100000150356,7.073399999853791,73.04410000006101,99.04660000006515
000001,0.05,0.03,0.6,8,16,50203,34371,11755,22616,222,36,3.00345828834947,1.2589907953170716,0.2648888804294445,3.9678470617325665,1.5919788078221546,True,21.856000000070708,7.108999999900334,83.60620000007657,112.57120000004761
000001,0.05,0.03,0.6,8,17,50203,34371,11755,22616,222,36,3.00345828834947,1.2589907953170716,0.2648888804294445,3.9678470617325665,1.5919788078221546,True,19.769500000165863,6.600299999945491,74.46479999998701,100.83460000009836
000001,0.05,0.03,0.6,8,18,50203,34371,11755,22616,222,36,3.00345828834947,1.2589907953170716,0.2648888804294445,3.9678470617325665,1.5919788078221546,True,16.93850000015118,7.097899999962465,76.26519999985248,100.30159999996613
000001,0.05,0.03,0.6,8,19,50203,34371,11755,22616,222,36,3.00345828834947,1.2589907953170716,0.2648888804294445,3.9678470617325665,1.5919788078221546,True,24.210000000039145,7.422800000085772,75.86489999994228,107.4977000000672
000001,0.05,0.08,0.6,8,0,50203,34371,14544,19827,251,30,4.079616612576259,1.0893667141596477,0.27007222904099365,4.038874370373092,1.5919788078221546,True,18.70599999983824,9.031700000150522,64.25669999998718,91.99439999997594
000001,0.05,0.08,0.6,8,1,50203,34371,14544,19827,251,30,4.079616612576259,1.0893667141596477,0.27007222904099365,4.038874370373092,1.5919788078221546,True,20.225999999865962,9.469000000080996,72.82520000012482,102.52020000007178
000001,0.05,0.08,0.6,8,2,50203,34371,14544,19827,251,30,4.079616612576259,1.0893667141596477,0.27007222904099365,4.038874370373092,1.5919788078221546,True,15.836499999977605,10.654600000179926,68.80720000003748,95.29830000019501
000001,0.05,0.08,0.6,8,3,50203,34371,14544,19827,251,30,4.079616612576259,1.0893667141596477,0.27007222904099365,4.038874370373092,1.5919788078221546,True,20.9525999998732,11.350400000083027,69.63619999987714,101.93919999983336
000001,0.05,0.08,0.6,8,4,50203,34371,14544,19827,251,30,4.079616612576259,1.0893667141596477,0.27007222904099365,4.038874370373092,1.5919788078221546,True,18.040400000018053,9.045700000115175,68.06519999986449,95.15129999999772
000001,0.05,0.08,0.6,8,5,50203,34371,14544,19827,251,30,4.079616612576259,1.0893667141596477,0.27007222904099365,4.038874370373092,1.5919788078221546,True,16.923800000085976,10.773699999845121,67.81260000002476,95.51009999995586
000001,0.05,0.08,0.6,8,6,50203,34371,14544,19827,251,30,4.079616612576259,1.0893667141596477,0.27007222904099365,4.038874370373092,1.5919788078221546,True,21.246100000098522,11.447599999883096,68.78099999994447,101.47469999992609
000001,0.05,0.08,0.6,8,7,50203,34371,14544,19827,251,30,4.079616612576259,1.0893667141596477,0.27007222904099365,4.038874370373092,1.5919788078221546,True,17.60480000007192,10.591399999839268,68.52690000005168,96.72309999996287
000001,0.05,0.08,0.6,8,8,50203,34371,14544,19827,251,30,4.079616612576259,1.0893667141596477,0.27007222904099365,4.038874370373092,1.5919788078221546,True,18.74380000003839,10.622399999874688,67.2460000000683,96.61219999998139
000001,0.05,0.08,0.6,8,9,50203,34371,14544,19827,251,30,4.079616612576259,1.0893667141596477,0.27007222904099365,4.038874370373092,1.5919788078221546,True,21.930500000053144,10.910299999977724,74.86759999983406,107.70839999986492
000001,0.05,0.08,0.6,8,10,50203,34371,14544,19827,251,30,4.079616612576259,1.0893667141596477,0.27007222904099365,4.038874370373092,1.5919788078221546,True,22.575199999891993,12.288800000078481,90.53650000009839,125.40050000006886
000001,0.05,0.08,0.6,8,11,50203,34371,14544,19827,251,30,4.079616612576259,1.0893667141596477,0.27007222904099365,4.038874370373092,1.5919788078221546,True,24.447199999940494,13.592600000038146,95.51989999999932,133.55969999997797
000001,0.05,0.08,0.6,8,12,50203,34371,14544,19827,251,30,4.079616612576259,1.0893667141596477,0.27007222904099365,4.038874370373092,1.5919788078221546,True,26.523199999928693,15.073499999971318,106.85890000013387,148.45560000003388
000001,0.05,0.08,0.6,8,13,50203,34371,14544,19827,251,30,4.079616612576259,1.0893667141596477,0.27007222904099365,4.038874370373092,1.5919788078221546,True,28.549399999974412,14.662899999848378,109.97029999998631,153.1825999998091
000001,0.05,0.08,0.6,8,14,50203,34371,14544,19827,251,30,4.079616612576259,1.0893667141596477,0.27007222904099365,4.038874370373092,1.5919788078221546,True,35.233500000003914,16.696599999932005,105.4302000000007,157.36029999993661
000001,0.05,0.08,0.6,8,15,50203,34371,14544,19827,251,30,4.079616612576259,1.0893667141596477,0.27007222904099365,4.038874370373092,1.5919788078221546,True,28.574399999797606,18.68430000013177,107.80810000005658,155.06679999998596
000001,0.05,0.08,0.6,8,16,50203,34371,14544,19827,251,30,4.079616612576259,1.0893667141596477,0.27007222904099365,4.038874370373092,1.5919788078221546,True,32.69120000004477,19.596999999976106,124.90769999999429,177.19590000001517
000001,0.05,0.08,0.6,8,17,50203,34371,14544,19827,251,30,4.079616612576259,1.0893667141596477,0.27007222904099365,4.038874370373092,1.5919788078221546,True,34.04409999984637,19.559800000024552,122.79499999999643,176.39889999986735
000001,0.05,0.08,0.6,8,18,50203,34371,14544,19827,251,30,4.079616612576259,1.0893667141596477,0.27007222904099365,4.038874370373092,1.5919788078221546,True,38.41629999988072,20.66360000003442,122.26200000009158,181.34190000000672
000001,0.05,0.08,0.6,8,19,50203,34371,14544,19827,251,30,4.079616612576259,1.0893667141596477,0.27007222904099365,4.038874370373092,1.5919788078221546,True,35.91690000007475,23.975999999947817,129.20200000007753,189.0949000001001
000001,0.05,0.3,0.6,8,0,50203,34371,20976,13395,97,10,5.4380501065636055,1.4355000734329224,0.5631000131368638,4.2744637150667355,1.5919788078221546,True,38.309600000047794,25.2591000000848,101.84319999984837,165.41189999998096
000001,0.05,0.3,0.6,8,1,50203,34371,20976,13395,97,10,5.4380501065636055,1.4355000734329224,0.5631000131368638,4.2744637150667355,1.5919788078221546,True,33.27669999998761,23.8808000001427,92.09089999990283,149.24840000003314
000001,0.05,0.3,0.6,8,2,50203,34371,20976,13395,97,10,5.4380501065636055,1.4355000734329224,0.5631000131368638,4.2744637150667355,1.5919788078221546,True,33.76590000016222,20.692899999858128,94.98869999993076,149.4474999999511
000001,0.05,0.3,0.6,8,3,50203,34371,20976,13395,97,10,5.4380501065636055,1.4355000734329224,0.5631000131368638,4.2744637150667355,1.5919788078221546,True,35.49820000012005,18.786399999953574,102.49969999995301,156.78430000002663
000001,0.05,0.3,0.6,8,4,50203,34371,20976,13395,97,10,5.4380501065636055,1.4355000734329224,0.5631000131368638,4.2744637150667355,1.5919788078221546,True,33.57749999986481,23.92350000013721,94.1131999998106,151.61419999981263
000001,0.05,0.3,0.6,8,5,50203,34371,20976,13395,97,10,5.4380501065636055,1.4355000734329224,0.5631000131368638,4.2744637150667355,1.5919788078221546,True,35.86249999989377,23.23170000022401,96.09599999998863,155.19020000010642
000001,0.05,0.3,0.6,8,6,50203,34371,20976,13395,97,10,5.4380501065636055,1.4355000734329224,0.5631000131368638,4.2744637150667355,1.5919788078221546,True,33.28160000000935,21.17099999986749,93.59120000021903,148.04380000009587
000001,0.05,0.3,0.6,8,7,50203,34371,20976,13395,97,10,5.4380501065636055,1.4355000734329224,0.5631000131368638,4.2744637150667355,1.5919788078221546,True,34.89820000004329,25.43880000007448,105.76900000000933,166.1060000001271
000001,0.05,0.3,0.6,8,8,50203,34371,20976,13395,97,10,5.4380501065636055,1.4355000734329224,0.5631000131368638,4.2744637150667355,1.5919788078221546,True,37.03169999994316,23.07610000002569,91.77230000000236,151.8800999999712
000001,0.05,0.3,0.6,8,9,50203,34371,20976,13395,97,10,5.4380501065636055,1.4355000734329224,0.5631000131368638,4.2744637150667355,1.5919788078221546,True,34.78580000000875,20.77659999986281,90.41769999998905,145.9800999998606
000001,0.05,0.3,0.6,8,10,50203,34371,20976,13395,97,10,5.4380501065636055,1.4355000734329224,0.5631000131368638,4.2744637150667355,1.5919788078221546,True,32.08909999989373,21.647400000119887,92.52529999980652,146.26179999982014
000001,0.05,0.3,0.6,8,11,50203,34371,20976,13395,97,10,5.4380501065636055,1.4355000734329224,0.5631000131368638,4.2744637150667355,1.5919788078221546,True,34.653599999955986,23.056800000176736,92.90559999999459,150.61600000012731
000001,0.05,0.3,0.6,8,12,50203,34371,20976,13395,97,10,5.4380501065636055,1.4355000734329224,0.5631000131368638,4.2744637150667355,1.5919788078221546,True,32.34489999999823,20.888899999818022,98.44720000000962,151.68099999982587
000001,0.05,0.3,0.6,8,13,50203,34371,20976,13395,97,10,5.4380501065636055,1.4355000734329224,0.5631000131368638,4.2744637150667355,1.5919788078221546,True,33.432900000207155,23.59329999990223,91.28480000003947,148.31100000014885
000001,0.05,0.3,0.6,8,14,50203,34371,20976,13395,97,10,5.4380501065636055,1.4355000734329224,0.5631000131368638,4.2744637150667355,1.5919788078221546,True,36.77220000008674,21.718299999974988,104.79719999989356,163.2876999999553
000001,0.05,0.3,0.6,8,15,50203,34371,20976,13395,97,10,5.4380501065636055,1.4355000734329224,0.5631000131368638,4.2744637150667355,1.5919788078221546,True,32.93719999987843,22.866000000021813,97.4620000001778,153.26520000007804
000001,0.05,0.3,0.6,8,16,50203,34371,20976,13395,97,10,5.4380501065636055,1.4355000734329224,0.5631000131368638,4.2744637150667355,1.5919788078221546,True,32.5534000000971,21.47319999994579,98.53550000002542,152.5621000000683
000001,0.05,0.3,0.6,8,17,50203,34371,20976,13395,97,10,5.4380501065636055,1.4355000734329224,0.5631000131368638,4.2744637150667355,1.5919788078221546,True,44.66409999986354,22.982800000136194,110.04299999990508,177.6898999999048
000001,0.05,0.3,0.6,8,18,50203,34371,20976,13395,97,10,5.4380501065636055,1.4355000734329224,0.5631000131368638,4.2744637150667355,1.5919788078221546,True,38.006400000085705,25.039699999979348,90.36439999999857,153.41050000006362
000001,0.05,0.3,0.6,8,19,50203,34371,20976,13395,97,10,5.4380501065636055,1.4355000734329224,0.5631000131368638,4.2744637150667355,1.5919788078221546,True,36.82830000002468,22.842699999955585,97.17030000001614,156.8412999999964
000001,0.1,0.03,0.6,8,0,50203,21177,6148,15029,240,30,3.3300566391018216,1.2130759105086326,0.2985244349307485,3.980364938056005,1.5919788078221546,True,27.454999999918073,6.800500000053944,68.65289999996094,102.90839999993295
000001,0.1,0.03,0.6,8,1,50203,21177,6148,15029,240,30,3.3300566391018216,1.2130759105086326,0.2985244349307485,3.980364938056005,1.5919788078221546,True,27.582800000118368,6.59999999993488,66.30350000000362,100.48630000005687
000001,0.1,0.03,0.6,8,2,50203,21177,6148,15029,240,30,3.3300566391018216,1.2130759105086326,0.2985244349307485,3.980364938056005,1.5919788078221546,True,27.514899999914633,7.287599999926897,62.653599999975995,97.45609999981752
000001,0.1,0.03,0.6,8,3,50203,21177,6148,15029,240,30,3.3300566391018216,1.2130759105086326,0.2985244349307485,3.980364938056005,1.5919788078221546,True,25.091400000064823,7.016900000053283,62.958799999933035,95.06710000005114
000001,0.1,0.03,0.6,8,4,50203,21177,6148,15029,240,30,3.3300566391018216,1.2130759105086326,0.2985244349307485,3.980364938056005,1.5919788078221546,True,23.98159999984273,6.51600000014696,67.16089999986252,97.65849999985221
000001,0.1,0.03,0.6,8,5,50203,21177,6148,15029,240,30,3.3300566391018216,1.2130759105086326,0.2985244349307485,3.980364938056005,1.5919788078221546,True,24.517000000059852,6.3110999999480555,62.48619999996663,93.31429999997454
000001,0.1,0.03,0.6,8,6,50203,21177,6148,15029,240,30,3.3300566391018216,1.2130759105086326,0.2985244349307485,3.980364938056005,1.5919788078221546,True,25.969000000031883,6.054200000107812,63.826599999856626,95.84979999999632
000001,0.1,0.03,0.6,8,7,50203,21177,6148,15029,240,30,3.3300566391018216,1.2130759105086326,0.2985244349307485,3.980364938056005,1.5919788078221546,True,24.591700000200944,6.190899999864996,66.50400000012269,97.28660000018863
000001,0.1,0.03,0.6,8,8,50203,21177,6148,15029,240,30,3.3300566391018216,1.2130759105086326,0.2985244349307485,3.980364938056005,1.5919788078221546,True,24.059800000031828,6.056800000123985,58.06339999980992,88.17999999996573
000001,0.1,0.03,0.6,8,9,50203,21177,6148,15029,240,30,3.3300566391018216,1.2130759105086326,0.2985244349307485,3.980364938056005,1.5919788078221546,True,23.77100000012433,7.169099999828177,61.95130000014615,92.89140000009866
000001,0.1,0.03,0.6,8,10,50203,21177,6148,15029,240,30,3.3300566391018216,1.2130759105086326,0.2985244349307485,3.980364938056005,1.5919788078221546,True,24.385299999948984,6.195599999955448,56.506200000058016,87.08709999996245
000001,0.1,0.03,0.6,8,11,50203,21177,6148,15029,240,30,3.3300566391018216,1.2130759105086326,0.2985244349307485,3.980364938056005,1.5919788078221546,True,23.46550000015668,5.834599999843704,65.48830000019734,94.78840000019773
000001,0.1,0.03,0.6,8,12,50203,21177,6148,15029,240,30,3.3300566391018216,1.2130759105086326,0.2985244349307485,3.980364938056005,1.5919788078221546,True,27.21150000002126,6.470199999967008,79.5636000000286,113.24530000001687
000001,0.1,0.03,0.6,8,13,50203,21177,6148,15029,240,30,3.3300566391018216,1.2130759105086326,0.2985244349307485,3.980364938056005,1.5919788078221546,True,23.72519999994438,6.17669999996906,63.173799999958646,93.07569999987209
000001,0.1,0.03,0.6,8,14,50203,21177,6148,15029,240,30,3.3300566391018216,1.2130759105086326,0.2985244349307485,3.980364938056005,1.5919788078221546,True,23.96250000015243,6.07809999996789,62.869599999885395,92.91020000000572
000001,0.1,0.03,0.6,8,15,50203,21177,6148,15029,240,30,3.3300566391018216,1.2130759105086326,0.2985244349307485,3.980364938056005,1.5919788078221546,True,23.89990000006037,6.062899999960791,61.57460000008541,91.53740000010657
000001,0.1,0.03,0.6,8,16,50203,21177,6148,15029,240,30,3.3300566391018216,1.2130759105086326,0.2985244349307485,3.980364938056005,1.5919788078221546,True,26.337099999864222,7.198200000175348,67.52570000003288,101.06100000007245
000001,0.1,0.03,0.6,8,17,50203,21177,6148,15029,240,30,3.3300566391018216,1.2130759105086326,0.2985244349307485,3.980364938056005,1.5919788078221546,True,24.599899999884656,6.130100000063976,65.92669999986356,96.65669999981219
000001,0.1,0.03,0.6,8,18,50203,21177,6148,15029,240,30,3.3300566391018216,1.2130759105086326,0.2985244349307485,3.980364938056005,1.5919788078221546,True,28.438099999902988,6.256900000153109,62.32219999992594,97.01719999998204
000001,0.1,0.03,0.6,8,19,50203,21177,6148,15029,240,30,3.3300566391018216,1.2130759105086326,0.2985244349307485,3.980364938056005,1.5919788078221546,True,24.83380000012403,7.188699999915116,64.78900000001886,96.811500000058
000001,0.1,0.08,0.6,8,0,50203,21177,7795,13382,310,33,3.2835630923921166,1.0102878483858975,0.2496439400646422,4.039950603907879,1.5919788078221546,True,24.031599999943865,9.251700000049823,61.80529999983264,95.08859999982633
000001,0.1,0.08,0.6,8,1,50203,21177,7795,13382,310,33,3.2835630923921166,1.0102878483858975,0.2496439400646422,4.039950603907879,1.5919788078221546,True,25.719199999912234,9.654400000044916,61.69329999988804,97.06689999984519
000001,0.1,0.08,0.6,8,2,50203,21177,7795,13382,310,33,3.2835630923921166,1.0102878483858975,0.2496439400646422,4.039950603907879,1.5919788078221546,True,24.663799999871117,9.177599999929953,59.82050000011441,93.66189999991548
000001,0.1,0.08,0.6,8,3,50203,21177,7795,13382,310,33,3.2835630923921166,1.0102878483858975,0.2496439400646422,4.039950603907879,1.5919788078221546,True,24.407800000062707,10.004200000139463,60.73219999984758,95.14420000004975
000001,0.1,0.08,0.6,8,4,50203,21177,7795,13382,310,33,3.2835630923921166,1.0102878483858975,0.2496439400646422,4.039950603907879,1.5919788078221546,True,24.46260000010625,9.157599999980448,60.41499999992084,94.03520000000753
000001,0.1,0.08,0.6,8,5,50203,21177,7795,13382,310,33,3.2835630923921166,1.0102878483858975,0.2496439400646422,4.039950603907879,1.5919788078221546,True,24.25449999986995,8.999600000151986,59.063700000024255,92.31780000004619
000001,0.1,0.08,0.6,8,6,50203,21177,7795,13382,310,33,3.2835630923921166,1.0102878483858975,0.2496439400646422,4.039950603907879,1.5919788078221546,True,24.68870000006973,9.537799999861818,57.71980000008625,91.9463000000178
000001,0.1,0.08,0.6,8,7,50203,21177,7795,13382,310,33,3.2835630923921166,1.0102878483858975,0.2496439400646422,4.039950603907879,1.5919788078221546,True,23.818299999902592,8.983200000102443,60.42029999980514,93.22179999981017
000001,0.1,0.08,0.6,8,8,50203,21177,7795,13382,310,33,3.2835630923921166,1.0102878483858975,0.2496439400646422,4.039950603907879,1.5919788078221546,True,24.88719999996647,8.973799999921539,64.60600000013983,98.46700000002784
000001,0.1,0.08,0.6,8,9,50203,21177,7795,13382,310,33,3.2835630923921166,1.0102878483858975,0.2496439400646422,4.039950603907879,1.5919788078221546,True,24.127500000076907,8.927599999879021,62.08650000007765,95.14160000003358
000001,0.1,0.08,0.6,8,10,50203,21177,7795,13382,310,33,3.2835630923921166,1.0102878483858975,0.2496439400646422,4.039950603907879,1.5919788078221546,True,24.642999999969106,9.082000000034895,58.27909999993608,92.00409999994008
000001,0.1,0.08,0.6,8,11,50203,21177,7795,13382,310,33,3.2835630923921166,1.0102878483858975,0.2496439400646422,4.039950603907879,1.5919788078221546,True,23.98829999992813,9.384100000033868,56.43370000007053,89.80610000003253
000001,0.1,0.08,0.6,8,12,50203,21177,7795,13382,310,33,3.2835630923921166,1.0102878483858975,0.2496439400646422,4.039950603907879,1.5919788078221546,True,26.391799999828436,8.703100000047925,58.84630000014113,93.94120000001749
000001,0.1,0.08,0.6,8,13,50203,21177,7795,13382,310,33,3.2835630923921166,1.0102878483858975,0.2496439400646422,4.039950603907879,1.5919788078221546,True,23.41090000004442,9.314900000163107,61.127399999804766,93.8532000000123
000001,0.1,0.08,0.6,8,14,50203,21177,7795,13382,310,33,3.2835630923921166,1.0102878483858975,0.2496439400646422,4.039950603907879,1.5919788078221546,True,34.80740000009064,9.21939999989263,60.337399999980335,104.3641999999636
000001,0.1,0.08,0.6,8,15,50203,21177,7795,13382,310,33,3.2835630923921166,1.0102878483858975,0.2496439400646422,4.039950603907879,1.5919788078221546,True,24.04860000001463,9.251499999891166,56.252900000117734,89.55300000002353
000001,0.1,0.08,0.6,8,16,50203,21177,7795,13382,310,33,3.2835630923921166,1.0102878483858975,0.2496439400646422,4.039950603907879,1.5919788078221546,True,23.957000000109474,8.802399999922272,55.041999999957625,87.80139999998937
000001,0.1,0.08,0.6,8,17,50203,21177,7795,13382,310,33,3.2835630923921166,1.0102878483858975,0.2496439400646422,4.039950603907879,1.5919788078221546,True,25.591800000029252,9.092399999872214,59.047899999995934,93.7320999998974
000001,0.1,0.08,0.6,8,18,50203,21177,7795,13382,310,33,3.2835630923921166,1.0102878483858975,0.2496439400646422,4.039950603907879,1.5919788078221546,True,23.861599999918326,8.630799999991723,64.33420000007573,96.82659999998577
000001,0.1,0.08,0.6,8,19,50203,21177,7795,13382,310,33,3.2835630923921166,1.0102878483858975,0.2496439400646422,4.039950603907879,1.5919788078221546,True,24.674800000184405,8.879999999862775,56.739800000059404,90.29460000010658
000001,0.1,0.3,0.6,8,0,50203,21177,11619,9558,98,10,5.3707003852818165,1.4782000541687013,0.6044600091129542,5.084856347589632,1.5919788078221546,True,24.543999999877997,10.539300000118601,45.14079999989917,80.22409999989577
000001,0.1,0.3,0.6,8,1,50203,21177,11619,9558,98,10,5.3707003852818165,1.4782000541687013,0.6044600091129542,5.084856347589632,1.5919788078221546,True,25.071999999909167,11.680900000101246,47.85019999985707,84.60309999986748
000001,0.1,0.3,0.6,8,2,50203,21177,11619,9558,98,10,5.3707003852818165,1.4782000541687013,0.6044600091129542,5.084856347589632,1.5919788078221546,True,28.0937999998514,12.66410000016549,51.84929999995802,92.60719999997491
000001,0.1,0.3,0.6,8,3,50203,21177,11619,9558,98,10,5.3707003852818165,1.4782000541687013,0.6044600091129542,5.084856347589632,1.5919788078221546,True,26.337100000091596,11.043499999914275,49.54659999998512,86.92719999999099
000001,0.1,0.3,0.6,8,4,50203,21177,11619,9558,98,10,5.3707003852818165,1.4782000541687013,0.6044600091129542,5.084856347589632,1.5919788078221546,True,26.04169999995065,11.396500000046217,44.4259000000784,81.86410000007527
000001,0.1,0.3,0.6,8,5,50203,21177,11619,9558,98,10,5.3707003852818165,1.4782000541687013,0.6044600091129542,5.084856347589632,1.5919788078221546,True,24.81650000004265,11.126299999887124,46.38440000007904,82.32720000000882
000001,0.1,0.3,0.6,8,6,50203,21177,11619,9558,98,10,5.3707003852818165,1.4782000541687013,0.6044600091129542,5.084856347589632,1.5919788078221546,True,23.797400000148627,11.085299999876952,42.816600000151084,77.69930000017666
000001,0.1,0.3,0.6,8,7,50203,21177,11619,9558,98,10,5.3707003852818165,1.4782000541687013,0.6044600091129542,5.084856347589632,1.5919788078221546,True,24.49150000006739,10.995200000024852,47.979599999962375,83.46630000005462
000001,0.1,0.3,0.6,8,8,50203,21177,11619,9558,98,10,5.3707003852818165,1.4782000541687013,0.6044600091129542,5.084856347589632,1.5919788078221546,True,26.084300000093208,11.676699999952689,46.40489999997044,84.16590000001634
000001,0.1,0.3,0.6,8,9,50203,21177,11619,9558,98,10,5.3707003852818165,1.4782000541687013,0.6044600091129542,5.084856347589632,1.5919788078221546,True,24.974000000156593,11.103399999910835,47.231199999941964,83.30860000000939
000001,0.1,0.3,0.6,8,10,50203,21177,11619,9558,98,10,5.3707003852818165,1.4782000541687013,0.6044600091129542,5.084856347589632,1.5919788078221546,True,24.689500000022235,10.973599999942962,44.33600000015758,79.99910000012278
000001,0.1,0.3,0.6,8,11,50203,21177,11619,9558,98,10,5.3707003852818165,1.4782000541687013,0.6044600091129542,5.084856347589632,1.5919788078221546,True,25.646000000051572,11.185900000100446,48.58960000001389,85.4215000001659
000001,0.1,0.3,0.6,8,12,50203,21177,11619,9558,98,10,5.3707003852818165,1.4782000541687013,0.6044600091129542,5.084856347589632,1.5919788078221546,True,24.393299999928786,10.520900000074107,48.20269999981974,83.11689999982264
000001,0.1,0.3,0.6,8,13,50203,21177,11619,9558,98,10,5.3707003852818165,1.4782000541687013,0.6044600091129542,5.084856347589632,1.5919788078221546,True,24.22230000001946,11.514900000065609,45.97009999997681,81.70730000006188
000001,0.1,0.3,0.6,8,14,50203,21177,11619,9558,98,10,5.3707003852818165,1.4782000541687013,0.6044600091129542,5.084856347589632,1.5919788078221546,True,24.65000000006512,12.204899999915142,46.8380000002071,83.69290000018736
000001,0.1,0.3,0.6,8,15,50203,21177,11619,9558,98,10,5.3707003852818165,1.4782000541687013,0.6044600091129542,5.084856347589632,1.5919788078221546,True,23.73370000009345,10.87310000002617,45.07889999990766,79.68570000002728
000001,0.1,0.3,0.6,8,16,50203,21177,11619,9558,98,10,5.3707003852818165,1.4782000541687013,0.6044600091129542,5.084856347589632,1.5919788078221546,True,24.67009999986658,11.872100000118735,47.63589999993201,84.17809999991732
000001,0.1,0.3,0.6,8,17,50203,21177,11619,9558,98,10,5.3707003852818165,1.4782000541687013,0.6044600091129542,5.084856347589632,1.5919788078221546,True,23.999000000003434,10.518700000147874,48.44469999989087,82.96240000004218
000001,0.1,0.3,0.6,8,18,50203,21177,11619,9558,98,10,5.3707003852818165,1.4782000541687013,0.6044600091129542,5.084856347589632,1.5919788078221546,True,24.57300000014584,10.882299999821043,45.49659999997857,80.95189999994545
000001,0.1,0.3,0.6,8,19,50203,21177,11619,9558,98,10,5.3707003852818165,1.4782000541687013,0.6044600091129542,5.084856347589632,1.5919788078221546,True,25.10119999988092,10.959100000036415,47.84530000006271,83.90559999998004
000001,0.3,0.03,0.6,8,0,50203,5844,1444,4400,694,30,2.739596034915721,1.2731463135897167,0.41835719850437403,4.017940983858082,1.6013933090238106,True,22.222900000087975,2.9359000000113156,9.100199999920733,34.25900000002002
000001,0.3,0.03,0.6,8,1,50203,5844,1444,4400,694,30,2.739596034915721,1.2731463135897167,0.41835719850437403,4.017940983858082,1.6013933090238106,True,20.75379999996585,2.8079999999590655,9.17909999998301,32.740899999907924
000001,0.3,0.03,0.6,8,2,50203,5844,1444,4400,694,30,2.739596034915721,1.2731463135897167,0.41835719850437403,4.017940983858082,1.6013933090238106,True,18.735999999989872,2.71710000015446,9.02989999985948,30.483000000003813
000001,0.3,0.03,0.6,8,3,50203,5844,1444,4400,694,30,2.739596034915721,1.2731463135897167,0.41835719850437403,4.017940983858082,1.6013933090238106,True,19.085500000073807,2.64389999983905,9.20670000004975,30.936099999962607
000001,0.3,0.03,0.6,8,4,50203,5844,1444,4400,694,30,2.739596034915721,1.2731463135897167,0.41835719850437403,4.017940983858082,1.6013933090238106,True,18.56920000000173,2.628200000117431,9.15949999989607,30.35690000001523
000001,0.3,0.03,0.6,8,5,50203,5844,1444,4400,694,30,2.739596034915721,1.2731463135897167,0.41835719850437403,4.017940983858082,1.6013933090238106,True,18.504099999972823,2.7532999999948515,8.67829999992864,29.935699999896315
000001,0.3,0.03,0.6,8,6,50203,5844,1444,4400,694,30,2.739596034915721,1.2731463135897167,0.41835719850437403,4.017940983858082,1.6013933090238106,True,19.71570000000611,2.8585000000020955,9.05929999998989,31.633499999998094
000001,0.3,0.03,0.6,8,7,50203,5844,1444,4400,694,30,2.739596034915721,1.2731463135897167,0.41835719850437403,4.017940983858082,1.6013933090238106,True,20.240499999999884,2.792600000020684,9.071699999822158,32.104799999842726
000001,0.3,0.03,0.6,8,8,50203,5844,1444,4400,694,30,2.739596034915721,1.2731463135897167,0.41835719850437403,4.017940983858082,1.6013933090238106,True,18.794200000002093,2.442699999846809,8.91900000010537,30.155899999954272
000001,0.3,0.03,0.6,8,9,50203,5844,1444,4400,694,30,2.739596034915721,1.2731463135897167,0.41835719850437403,4.017940983858082,1.6013933090238106,True,19.267000000127155,2.498399999922185,8.679300000039802,30.444700000089142
000001,0.3,0.03,0.6,8,10,50203,5844,1444,4400,694,30,2.739596034915721,1.2731463135897167,0.41835719850437403,4.017940983858082,1.6013933090238106,True,21.398100000169507,2.7454999999463325,8.997599999929662,33.1412000000455
000001,0.3,0.03,0.6,8,11,50203,5844,1444,4400,694,30,2.739596034915721,1.2731463135897167,0.41835719850437403,4.017940983858082,1.6013933090238106,True,24.196600000095714,2.70290000003115,8.27419999995982,35.17370000008668
000001,0.3,0.03,0.6,8,12,50203,5844,1444,4400,694,30,2.739596034915721,1.2731463135897167,0.41835719850437403,4.017940983858082,1.6013933090238106,True,23.18680000007589,2.9482999998435844,8.819300000141084,34.95440000006056
000001,0.3,0.03,0.6,8,13,50203,5844,1444,4400,694,30,2.739596034915721,1.2731463135897167,0.41835719850437403,4.017940983858082,1.6013933090238106,True,21.683800000118936,2.628899999990608,8.59479999985524,32.907499999964784
000001,0.3,0.03,0.6,8,14,50203,5844,1444,4400,694,30,2.739596034915721,1.2731463135897167,0.41835719850437403,4.017940983858082,1.6013933090238106,True,25.24319999997715,2.968300000020463,9.380100000043967,37.59160000004158
000001,0.3,0.03,0.6,8,15,50203,5844,1444,4400,694,30,2.739596034915721,1.2731463135897167,0.41835719850437403,4.017940983858082,1.6013933090238106,True,26.599499999974796,2.7981000000636413,10.014400000045498,39.412000000083935
000001,0.3,0.03,0.6,8,16,50203,5844,1444,4400,694,30,2.739596034915721,1.2731463135897167,0.41835719850437403,4.017940983858082,1.6013933090238106,True,22.860600000058184,2.5593999998818617,7.97910000005686,33.399099999996906
000001,0.3,0.03,0.6,8,17,50203,5844,1444,4400,694,30,2.739596034915721,1.2731463135897167,0.41835719850437403,4.017940983858082,1.6013933090238106,True,27.523900000005597,3.2616999999390828,8.845400000154768,39.63100000009945
000001,0.3,0.03,0.6,8,18,50203,5844,1444,4400,694,30,2.739596034915721,1.2731463135897167,0.41835719850437403,4.017940983858082,1.6013933090238106,True,17.316000000164422,2.6403999997910432,8.205100000168386,28.16150000012385
000001,0.3,0.03,0.6,8,19,50203,5844,1444,4400,694,30,2.739596034915721,1.2731463135897167,0.41835719850437403,4.017940983858082,1.6013933090238106,True,18.60660000011194,2.4407000000792323,7.803499999909036,28.850800000100207
000001,0.3,0.08,0.6,8,0,50203,5844,1984,3860,611,20,2.5873024560038984,1.3189191341400146,0.5269062638566608,4.171754711603719,1.6013933090238106,True,26.06089999994765,2.7751999998599786,7.556900000054156,36.392999999861786
000001,0.3,0.08,0.6,8,1,50203,5844,1984,3860,611,20,2.5873024560038984,1.3189191341400146,0.5269062638566608,4.171754711603719,1.6013933090238106,True,28.052200000047378,2.997300000060932,7.630099999914819,38.67960000002313
000001,0.3,0.08,0.6,8,2,50203,5844,1984,3860,611,20,2.5873024560038984,1.3189191341400146,0.5269062638566608,4.171754711603719,1.6013933090238106,True,28.882100000146238,3.0574999998407293,8.519900000010239,40.459499999997206
000001,0.3,0.08,0.6,8,3,50203,5844,1984,3860,611,20,2.5873024560038984,1.3189191341400146,0.5269062638566608,4.171754711603719,1.6013933090238106,True,24.319699999978184,2.678199999991193,6.696400000009817,33.694299999979194
000001,0.3,0.08,0.6,8,4,50203,5844,1984,3860,611,20,2.5873024560038984,1.3189191341400146,0.5269062638566608,4.171754711603719,1.6013933090238106,True,16.227399999934278,2.2653000000900647,6.482300000016039,24.97500000004038
000001,0.3,0.08,0.6,8,5,50203,5844,1984,3860,611,20,2.5873024560038984,1.3189191341400146,0.5269062638566608,4.171754711603719,1.6013933090238106,True,18.974200000002384,2.6335999998536863,7.01759999992646,28.62539999978253
000001,0.3,0.08,0.6,8,6,50203,5844,1984,3860,611,20,2.5873024560038984,1.3189191341400146,0.5269062638566608,4.171754711603719,1.6013933090238106,True,16.174999999975626,2.613800000062838,6.59710000013547,25.385900000173933
000001,0.3,0.08,0.6,8,7,50203,5844,1984,3860,611,20,2.5873024560038984,1.3189191341400146,0.5269062638566608,4.171754711603719,1.6013933090238106,True,18.38210000005347,2.3770000000240543,6.429999999909342,27.189099999986865
000001,0.3,0.08,0.6,8,8,50203,5844,1984,3860,611,20,2.5873024560038984,1.3189191341400146,0.5269062638566608,4.171754711603719,1.6013933090238106,True,25.241399999913483,3.617999999960375,8.03289999998924,36.8922999998631
000001,0.3,0.08,0.6,8,9,50203,5844,1984,3860,611,20,2.5873024560038984,1.3189191341400146,0.5269062638566608,4.171754711603719,1.6013933090238106,True,23.19860000011431,2.5121999999555555,6.348899999920832,32.0596999999907
000001,0.3,0.08,0.6,8,10,50203,5844,1984,3860,611,20,2.5873024560038984,1.3189191341400146,0.5269062638566608,4.171754711603719,1.6013933090238106,True,14.900600000146369,2.3003999999673397,6.464099999902828,23.665100000016537
000001,0.3,0.08,0.6,8,11,50203,5844,1984,3860,611,20,2.5873024560038984,1.3189191341400146,0.5269062638566608,4.171754711603719,1.6013933090238106,True,20.078000000012253,2.7484999998250714,7.5423000000682805,30.368799999905605
000001,0.3,0.08,0.6,8,12,50203,5844,1984,3860,611,20,2.5873024560038984,1.3189191341400146,0.5269062638566608,4.171754711603719,1.6013933090238106,True,17.67799999993258,2.3341000000982604,6.012399999917761,26.024499999948603
000001,0.3,0.08,0.6,8,13,50203,5844,1984,3860,611,20,2.5873024560038984,1.3189191341400146,0.5269062638566608,4.171754711603719,1.6013933090238106,True,20.65109999989545,2.844200000026831,7.695799999964947,31.19109999988723
000001,0.3,0.08,0.6,8,14,50203,5844,1984,3860,611,20,2.5873024560038984,1.3189191341400146,0.5269062638566608,4.171754711603719,1.6013933090238106,True,15.983699999878809,2.185600000075283,5.857699999978649,24.02699999993274
000001,0.3,0.08,0.6,8,15,50203,5844,1984,3860,611,20,2.5873024560038984,1.3189191341400146,0.5269062638566608,4.171754711603719,1.6013933090238106,True,14.23890000000938,2.2384999999758293,5.9222999998382875,22.399699999823497
000001,0.3,0.08,0.6,8,16,50203,5844,1984,3860,611,20,2.5873024560038984,1.3189191341400146,0.5269062638566608,4.171754711603719,1.6013933090238106,True,16.292399999883855,2.3936000000048807,5.523300000049858,24.209299999938594
000001,0.3,0.08,0.6,8,17,50203,5844,1984,3860,611,20,2.5873024560038984,1.3189191341400146,0.5269062638566608,4.171754711603719,1.6013933090238106,True,14.179799999965326,2.1108999999341904,5.741599999964819,22.032299999864335
000001,0.3,0.08,0.6,8,18,50203,5844,1984,3860,611,20,2.5873024560038984,1.3189191341400146,0.5269062638566608,4.171754711603719,1.6013933090238106,True,22.839100000055623,4.181399999879432,8.319600000049832,35.340099999984886
000001,0.3,0.08,0.6,8,19,50203,5844,1984,3860,611,20,2.5873024560038984,1.3189191341400146,0.5269062638566608,4.171754711603719,1.6013933090238106,True,15.163399999892135,2.19569999990199,6.20270000013079,23.561799999924915
000001,0.3,0.3,0.6,8,0,50203,5844,3238,2606,175,11,4.574073457286378,1.4854106592409537,0.9225299146949735,5.186499664622901,1.6013933090238106,True,27.798600000096485,2.563100000088525,7.58559999985664,37.94730000004165
000001,0.3,0.3,0.6,8,1,50203,5844,3238,2606,175,11,4.574073457286378,1.4854106592409537,0.9225299146949735,5.186499664622901,1.6013933090238106,True,23.441300000058618,2.201099999865619,4.590900000039255,30.233299999963492
000001,0.3,0.3,0.6,8,2,50203,5844,3238,2606,175,11,4.574073457286378,1.4854106592409537,0.9225299146949735,5.186499664622901,1.6013933090238106,True,22.298099999943588,2.176599999984319,3.8809000000128435,28.35559999994075
000001,0.3,0.3,0.6,8,3,50203,5844,3238,2606,175,11,4.574073457286378,1.4854106592409537,0.9225299146949735,5.186499664622901,1.6013933090238106,True,13.634800000090763,2.6760000000649597,4.2426999998497195,20.553500000005442
000001,0.3,0.3,0.6,8,4,50203,5844,3238,2606,175,11,4.574073457286378,1.4854106592409537,0.9225299146949735,5.186499664622901,1.6013933090238106,True,17.414500000086264,2.93510000005881,3.7795999999161722,24.129200000061246
000001,0.3,0.3,0.6,8,5,50203,5844,3238,2606,175,11,4.574073457286378,1.4854106592409537,0.9225299146949735,5.186499664622901,1.6013933090238106,True,14.027199999873119,2.051200000096287,4.235099999959857,20.313499999929263
000001,0.3,0.3,0.6,8,6,50203,5844,3238,2606,175,11,4.574073457286378,1.4854106592409537,0.9225299146949735,5.186499664622901,1.6013933090238106,True,14.302700000143886,2.0396999998411047,3.950799999984156,20.293199999969147
000001,0.3,0.3,0.6,8,7,50203,5844,3238,2606,175,11,4.574073457286378,1.4854106592409537,0.9225299146949735,5.186499664622901,1.6013933090238106,True,22.46869999999035,2.9276000000209024,4.089999999905558,29.48629999991681
000001,0.3,0.3,0.6,8,8,50203,5844,3238,2606,175,11,4.574073457286378,1.4854106592409537,0.9225299146949735,5.186499664622901,1.6013933090238106,True,15.058100000032937,1.952999999957683,3.872100000080536,20.883200000071156
000001,0.3,0.3,0.6,8,9,50203,5844,3238,2606,175,11,4.574073457286378,1.4854106592409537,0.9225299146949735,5.186499664622901,1.6013933090238106,True,14.906400000199937,2.190799999880255,3.872000000001208,20.9692000000814
000001,0.3,0.3,0.6,8,10,50203,5844,3238,2606,175,11,4.574073457286378,1.4854106592409537,0.9225299146949735,5.186499664622901,1.6013933090238106,True,14.136100000087026,2.2306000000753556,3.5249000000021624,19.891600000164544
000001,0.3,0.3,0.6,8,11,50203,5844,3238,2606,175,11,4.574073457286378,1.4854106592409537,0.9225299146949735,5.186499664622901,1.6013933090238106,True,14.655199999879187,2.3834000000988453,4.388699999935852,21.427299999913885
000001,0.3,0.3,0.6,8,12,50203,5844,3238,2606,175,11,4.574073457286378,1.4854106592409537,0.9225299146949735,5.186499664622901,1.6013933090238106,True,22.61880000014571,3.4835999999813794,4.584699999895747,30.687100000022838
000001,0.3,0.3,0.6,8,13,50203,5844,3238,2606,175,11,4.574073457286378,1.4854106592409537,0.9225299146949735,5.186499664622901,1.6013933090238106,True,26.91119999985858,2.3719000000710366,4.528400000026522,33.81149999995614
000001,0.3,0.3,0.6,8,14,50203,5844,3238,2606,175,11,4.574073457286378,1.4854106592409537,0.9225299146949735,5.186499664622901,1.6013933090238106,True,27.509299999792347,3.8048000001253968,4.400999999916166,35.71509999983391
000001,0.3,0.3,0.6,8,15,50203,5844,3238,2606,175,11,4.574073457286378,1.4854106592409537,0.9225299146949735,5.186499664622901,1.6013933090238106,True,24.411500000041997,2.05380000011246,3.842800000029456,30.308100000183913
000001,0.3,0.3,0.6,8,16,50203,5844,3238,2606,175,11,4.574073457286378,1.4854106592409537,0.9225299146949735,5.186499664622901,1.6013933090238106,True,25.61470000000554,2.6156000001265056,3.7296999998943647,31.96000000002641
000001,0.3,0.3,0.6,8,17,50203,5844,3238,2606,175,11,4.574073457286378,1.4854106592409537,0.9225299146949735,5.186499664622901,1.6013933090238106,True,14.965999999958512,2.2039000000404485,4.1622999999617605,21.33219999996072
000001,0.3,0.3,0.6,8,18,50203,5844,3238,2606,175,11,4.574073457286378,1.4854106592409537,0.9225299146949735,5.186499664622901,1.6013933090238106,True,18.337400000064008,2.031299999998737,3.71210000002975,24.080800000092495
000001,0.3,0.3,0.6,8,19,50203,5844,3238,2606,175,11,4.574073457286378,1.4854106592409537,0.9225299146949735,5.186499664622901,1.6013933090238106,True,16.84009999985392,1.9500000000789441,4.29149999990841,23.081599999841274
000011,0.05,0.03,0.6,8,0,52816,34155,8340,25815,71,39,3.258743587994757,3.150974351626176,0.6726794873770231,1.552676361023914,1.552676361023914,True,23.856000000023414,9.308400000008987,137.78780000006918,170.95220000010158
000011,0.05,0.03,0.6,8,1,52816,34155,8340,25815,71,39,3.258743587994757,3.150974351626176,0.6726794873770231,1.552676361023914,1.552676361023914,True,29.95550000014191,9.745999999950072,144.57390000006853,184.27540000016052
000011,0.05,0.03,0.6,8,2,52816,34155,8340,25815,71,39,3.258743587994757,3.150974351626176,0.6726794873770231,1.552676361023914,1.552676361023914,True,32.26689999996779,13.389100000040344,173.02339999992,218.67939999992814
000011,0.05,0.03,0.6,8,3,52816,34155,8340,25815,71,39,3.258743587994757,3.150974351626176,0.6726794873770231,1.552676361023914,1.552676361023914,True,33.25389999986328,14.12649999997484,187.16650000010304,234.54689999994116
000011,0.05,0.03,0.6,8,4,52816,34155,8340,25815,71,39,3.258743587994757,3.150974351626176,0.6726794873770231,1.552676361023914,1.552676361023914,True,37.45800000001509,14.366200000040408,188.31220000015492,240.13640000021041
000011,0.05,0.03,0.6,8,5,52816,34155,8340,25815,71,39,3.258743587994757,3.150974351626176,0.6726794873770231,1.552676361023914,1.552676361023914,True,34.89020000006349,14.63000000012471,195.48319999989872,245.0034000000869
000011,0.05,0.03,0.6,8,6,52816,34155,8340,25815,71,39,3.258743587994757,3.150974351626176,0.6726794873770231,1.552676361023914,1.552676361023914,True,42.83140000006824,17.28400000001784,198.0710000000272,258.1864000001133
000011,0.05,0.03,0.6,8,7,52816,34155,8340,25815,71,39,3.258743587994757,3.150974351626176,0.6726794873770231,1.552676361023914,1.552676361023914,True,37.8849999999602,14.800299999933486,210.69059999990714,263.3758999998008
000011,0.05,0.03,0.6,8,8,52816,34155,8340,25815,71,39,3.258743587994757,3.150974351626176,0.6726794873770231,1.552676361023914,1.552676361023914,True,41.3571999999931,16.922200000180965,190.67309999991267,248.95250000008673
000011,0.05,0.03,0.6,8,9,52816,34155,8340,25815,71,39,3.258743587994757,3.150974351626176,0.6726794873770231,1.552676361023914,1.552676361023914,True,32.95849999994971,15.159600000060891,185.03069999997024,233.14879999998084
000011,0.05,0.03,0.6,8,10,52816,34155,8340,25815,71,39,3.258743587994757,3.150974351626176,0.6726794873770231,1.552676361023914,1.552676361023914,True,32.60530000011386,14.041099999985818,184.70170000000508,231.34810000010475
000011,0.05,0.03,0.6,8,11,52816,34155,8340,25815,71,39,3.258743587994757,3.150974351626176,0.6726794873770231,1.552676361023914,1.552676361023914,True,32.47129999999743,15.163499999971464,179.2625999999018,226.8973999998707
000011,0.05,0.03,0.6,8,12,52816,34155,8340,25815,71,39,3.258743587994757,3.150974351626176,0.6726794873770231,1.552676361023914,1.552676361023914,True,34.07709999987674,13.378600000123697,181.24820000002728,228.70390000002772
000011,0.05,0.03,0.6,8,13,52816,34155,8340,25815,71,39,3.258743587994757,3.150974351626176,0.6726794873770231,1.552676361023914,1.552676361023914,True,35.85079999993468,14.915799999926094,185.88599999998223,236.652599999843
000011,0.05,0.03,0.6,8,14,52816,34155,8340,25815,71,39,3.258743587994757,3.150974351626176,0.6726794873770231,1.552676361023914,1.552676361023914,True,31.7066000000068,13.611200000013923,180.75419999991027,226.071999999931
000011,0.05,0.03,0.6,8,15,52816,34155,8340,25815,71,39,3.258743587994757,3.150974351626176,0.6726794873770231,1.552676361023914,1.552676361023914,True,35.60680000009597,14.961599999878672,174.36830000019654,224.9367000001712
000011,0.05,0.03,0.6,8,16,52816,34155,8340,25815,71,39,3.258743587994757,3.150974351626176,0.6726794873770231,1.552676361023914,1.552676361023914,True,42.442599999958475,14.404900000045018,192.08549999984825,248.93299999985175
000011,0.05,0.03,0.6,8,17,52816,34155,8340,25815,71,39,3.258743587994757,3.150974351626176,0.6726794873770231,1.552676361023914,1.552676361023914,True,40.59189999998125,13.56789999999819,173.51400000006834,227.67380000004778
000011,0.05,0.03,0.6,8,18,52816,34155,8340,25815,71,39,3.258743587994757,3.150974351626176,0.6726794873770231,1.552676361023914,1.552676361023914,True,29.896899999812376,12.391600000000835,168.16270000003897,210.45119999985218
000011,0.05,0.03,0.6,8,19,52816,34155,8340,25815,71,39,3.258743587994757,3.150974351626176,0.6726794873770231,1.552676361023914,1.552676361023914,True,49.299100000098406,13.196799999832365,194.11170000012135,256.6076000000521
000011,0.05,0.08,0.6,8,0,52816,34155,13510,20645,56,28,2.781374878058809,1.8152142741850443,0.9672142736214612,1.552676361023914,1.552676361023914,True,31.49119999989125,22.292900000138616,154.3280999999297,208.11219999995956
000011,0.05,0.08,0.6,8,1,52816,34155,13510,20645,56,28,2.781374878058809,1.8152142741850443,0.9672142736214612,1.552676361023914,1.552676361023914,True,30.816800000138755,21.79959999989478,154.6121999999741,207.22860000000765
000011,0.05,0.08,0.6,8,2,52816,34155,13510,20645,56,28,2.781374878058809,1.8152142741850443,0.9672142736214612,1.552676361023914,1.552676361023914,True,34.18009999995775,19.706699999915145,153.8702000000285,207.75699999990138
000011,0.05,0.08,0.6,8,3,52816,34155,13510,20645,56,28,2.781374878058809,1.8152142741850443,0.9672142736214612,1.552676361023914,1.552676361023914,True,34.82919999987644,22.107100000084756,155.01389999985804,211.95019999981923
000011,0.05,0.08,0.6,8,4,52816,34155,13510,20645,56,28,2.781374878058809,1.8152142741850443,0.9672142736214612,1.552676361023914,1.552676361023914,True,32.01050000006944,20.484699999997247,172.16589999998178,224.66110000004846
000011,0.05,0.08,0.6,8,5,52816,34155,13510,20645,56,28,2.781374878058809,1.8152142741850443,0.9672142736214612,1.552676361023914,1.552676361023914,True,32.954700000118464,21.77639999990788,173.06030000008832,227.79140000011466
000011,0.05,0.08,0.6,8,6,52816,34155,13510,20645,56,28,2.781374878058809,1.8152142741850443,0.9672142736214612,1.552676361023914,1.552676361023914,True,41.45410000000993,24.42509999991671,171.43540000006396,237.3145999999906
000011,0.05,0.08,0.6,8,7,52816,34155,13510,20645,56,28,2.781374878058809,1.8152142741850443,0.9672142736214612,1.552676361023914,1.552676361023914,True,39.88939999999275,27.136599999948885,184.9666000000525,251.99259999999413
000011,0.05,0.08,0.6,8,8,52816,34155,13510,20645,56,28,2.781374878058809,1.8152142741850443,0.9672142736214612,1.552676361023914,1.552676361023914,True,38.42299999996612,25.699700000131998,181.17609999990236,245.29880000000048
000011,0.05,0.08,0.6,8,9,52816,34155,13510,20645,56,28,2.781374878058809,1.8152142741850443,0.9672142736214612,1.552676361023914,1.552676361023914,True,39.69219999999041,30.11570000012398,173.26759999991737,243.07550000003175
000011,0.05,0.08,0.6,8,10,52816,34155,13510,20645,56,28,2.781374878058809,1.8152142741850443,0.9672142736214612,1.552676361023914,1.552676361023914,True,38.146299999880284,26.32779999999002,165.50580000011905,229.97989999998936
000011,0.05,0.08,0.6,8,11,52816,34155,13510,20645,56,28,2.781374878058809,1.8152142741850443,0.9672142736214612,1.552676361023914,1.552676361023914,True,39.39480000008189,29.25849999996899,181.22440000001916,249.87770000007004
000011,0.05,0.08,0.6,8,12,52816,34155,13510,20645,56,28,2.781374878058809,1.8152142741850443,0.9672142736214612,1.552676361023914,1.552676361023914,True,41.96700000011333,29.65049999988878,172.52989999997226,244.14739999997437
000011,0.05,0.08,0.6,8,13,52816,34155,13510,20645,56,28,2.781374878058809,1.8152142741850443,0.9672142736214612,1.552676361023914,1.552676361023914,True,41.707100000166974,24.305599999934202,172.34129999997094,238.35400000007212
000011,0.05,0.08,0.6,8,14,52816,34155,13510,20645,56,28,2.781374878058809,1.8152142741850443,0.9672142736214612,1.552676361023914,1.552676361023914,True,41.559600000027785,33.41890000001513,204.978600000004,279.9571000000469
000011,0.05,0.08,0.6,8,15,52816,34155,13510,20645,56,28,2.781374878058809,1.8152142741850443,0.9672142736214612,1.552676361023914,1.552676361023914,True,39.34759999992821,30.367600000090533,204.9511000000166,274.66630000003533
000011,0.05,0.08,0.6,8,16,52816,34155,13510,20645,56,28,2.781374878058809,1.8152142741850443,0.9672142736214612,1.552676361023914,1.552676361023914,True,40.69479999998293,28.260900000077527,177.62939999988703,246.5850999999475
000011,0.05,0.08,0.6,8,17,52816,34155,13510,20645,56,28,2.781374878058809,1.8152142741850443,0.9672142736214612,1.552676361023914,1.552676361023914,True,41.999699999905715,34.4174000001658,186.2394999998287,262.6565999999002
000011,0.05,0.08,0.6,8,18,52816,34155,13510,20645,56,28,2.781374878058809,1.8152142741850443,0.9672142736214612,1.552676361023914,1.552676361023914,True,37.550100000089515,28.157499999906577,176.6271000001325,242.33470000012858
000011,0.05,0.08,0.6,8,19,52816,34155,13510,20645,56,28,2.781374878058809,1.8152142741850443,0.9672142736214612,1.552676361023914,1.552676361023914,True,39.63180000005195,29.330999999956475,171.61950000013348,240.5823000001419
000011,0.05,0.3,0.6,8,0,52816,34155,17024,17131,40,35,1.9444712212641857,0.9172571522848947,0.9495428524379219,1.552676361023914,1.552676361023914,True,41.226800000004005,33.232600000019374,150.21930000011707,224.67870000014045
000011,0.05,0.3,0.6,8,1,52816,34155,17024,17131,40,35,1.9444712212641857,0.9172571522848947,0.9495428524379219,1.552676361023914,1.552676361023914,True,39.90120000003117,36.28559999992831,146.79870000009032,222.9855000000498
000011,0.05,0.3,0.6,8,2,52816,34155,17024,17131,40,35,1.9444712212641857,0.9172571522848947,0.9495428524379219,1.552676361023914,1.552676361023914,True,37.94319999997242,34.3119999999999,142.27499999992688,214.5301999998992
000011,0.05,0.3,0.6,8,3,52816,34155,17024,17131,40,35,1.9444712212641857,0.9172571522848947,0.9495428524379219,1.552676361023914,1.552676361023914,True,40.10249999987536,30.930099999977756,165.97509999996873,237.00769999982185
000011,0.05,0.3,0.6,8,4,52816,34155,17024,17131,40,35,1.9444712212641857,0.9172571522848947,0.9495428524379219,1.552676361023914,1.552676361023914,True,40.00359999986358,32.91899999999259,156.90470000004098,229.82729999989715
000011,0.05,0.3,0.6,8,5,52816,34155,17024,17131,40,35,1.9444712212641857,0.9172571522848947,0.9495428524379219,1.552676361023914,1.552676361023914,True,40.141499999890584,34.915500000124666,159.02329999994436,234.0802999999596
000011,0.05,0.3,0.6,8,6,52816,34155,17024,17131,40,35,1.9444712212641857,0.9172571522848947,0.9495428524379219,1.552676361023914,1.552676361023914,True,43.96430000019791,38.66979999997966,159.85159999991083,242.4857000000884
000011,0.05,0.3,0.6,8,7,52816,34155,17024,17131,40,35,1.9444712212641857,0.9172571522848947,0.9495428524379219,1.552676361023914,1.552676361023914,True,44.590199999902325,34.006300000100964,153.4575999999106,232.0540999999139
000011,0.05,0.3,0.6,8,8,52816,34155,17024,17131,40,35,1.9444712212641857,0.9172571522848947,0.9495428524379219,1.552676361023914,1.552676361023914,True,44.276300000092306,39.60669999992206,165.83360000004177,249.71660000005613
000011,0.05,0.3,0.6,8,9,52816,34155,17024,17131,40,35,1.9444712212641857,0.9172571522848947,0.9495428524379219,1.552676361023914,1.552676361023914,True,44.239300000072035,35.64600000004248,152.13180000000648,232.017100000121
000011,0.05,0.3,0.6,8,10,52816,34155,17024,17131,40,35,1.9444712212641857,0.9172571522848947,0.9495428524379219,1.552676361023914,1.552676361023914,True,43.8830999999027,33.981300000050396,153.57749999998305,231.44189999993614
000011,0.05,0.3,0.6,8,11,52816,34155,17024,17131,40,35,1.9444712212641857,0.9172571522848947,0.9495428524379219,1.552676361023914,1.552676361023914,True,37.878800000044066,33.91519999991033,138.18590000005315,209.97990000000755
000011,0.05,0.3,0.6,8,12,52816,34155,17024,17131,40,35,1.9444712212641857,0.9172571522848947,0.9495428524379219,1.552676361023914,1.552676361023914,True,38.07060000008278,32.50490000004902,149.1823999999724,219.7579000001042
000011,0.05,0.3,0.6,8,13,52816,34155,17024,17131,40,35,1.9444712212641857,0.9172571522848947,0.9495428524379219,1.552676361023914,1.552676361023914,True,39.64250000012726,25.270999999975174,150.8825999999317,215.79610000003413
000011,0.05,0.3,0.6,8,14,52816,34155,17024,17131,40,35,1.9444712212641857,0.9172571522848947,0.9495428524379219,1.552676361023914,1.552676361023914,True,36.54150000011214,38.249299999961295,151.8621999998686,226.65299999994204
000011,0.05,0.3,0.6,8,15,52816,34155,17024,17131,40,35,1.9444712212641857,0.9172571522848947,0.9495428524379219,1.552676361023914,1.552676361023914,True,42.9489000000558,36.12920000000486,156.5838999999869,235.66200000004756
000011,0.05,0.3,0.6,8,16,52816,34155,17024,17131,40,35,1.9444712212641857,0.9172571522848947,0.9495428524379219,1.552676361023914,1.552676361023914,True,36.63840000012897,33.70109999991655,134.98260000005757,205.3221000001031
000011,0.05,0.3,0.6,8,17,52816,34155,17024,17131,40,35,1.9444712212641857,0.9172571522848947,0.9495428524379219,1.552676361023914,1.552676361023914,True,40.32129999995959,33.43729999983225,175.9553000001688,249.71389999996063
000011,0.05,0.3,0.6,8,18,52816,34155,17024,17131,40,35,1.9444712212641857,0.9172571522848947,0.9495428524379219,1.552676361023914,1.552676361023914,True,37.444399999913,31.016899999940506,146.7664000001605,215.227700000014
000011,0.05,0.3,0.6,8,19,52816,34155,17024,17131,40,35,1.9444712212641857,0.9172571522848947,0.9495428524379219,1.552676361023914,1.552676361023914,True,38.539800000080504,35.969799999975294,143.37750000004235,217.88710000009814
000011,0.1,0.03,0.6,8,0,52816,18956,4234,14722,66,42,3.0111486262409017,3.100189649491083,0.6864751859287184,1.5734543254129596,1.5734543254129596,True,26.90700000016477,6.318299999975352,55.96700000000965,89.19230000014977
000011,0.1,0.03,0.6,8,1,52816,18956,4234,14722,66,42,3.0111486262409017,3.100189649491083,0.6864751859287184,1.5734543254129596,1.5734543254129596,True,22.70409999982803,5.177300000013929,55.099300000165385,82.98070000000735
000011,0.1,0.03,0.6,8,2,52816,18956,4234,14722,66,42,3.0111486262409017,3.100189649491083,0.6864751859287184,1.5734543254129596,1.5734543254129596,True,22.07530000009683,5.819900000005873,52.88709999990715,80.78230000000985
000011,0.1,0.03,0.6,8,3,52816,18956,4234,14722,66,42,3.0111486262409017,3.100189649491083,0.6864751859287184,1.5734543254129596,1.5734543254129596,True,21.483299999999872,5.806500000062442,52.46179999994638,79.7516000000087
000011,0.1,0.03,0.6,8,4,52816,18956,4234,14722,66,42,3.0111486262409017,3.100189649491083,0.6864751859287184,1.5734543254129596,1.5734543254129596,True,21.412499999996726,5.646699999942939,51.53820000009546,78.59740000003512
000011,0.1,0.03,0.6,8,5,52816,18956,4234,14722,66,42,3.0111486262409017,3.100189649491083,0.6864751859287184,1.5734543254129596,1.5734543254129596,True,21.482300000116084,5.022199999984878,53.715400000101,80.21990000020196
000011,0.1,0.03,0.6,8,6,52816,18956,4234,14722,66,42,3.0111486262409017,3.100189649491083,0.6864751859287184,1.5734543254129596,1.5734543254129596,True,21.414899999854242,5.548500000031709,49.860699999953795,76.82409999983975
000011,0.1,0.03,0.6,8,7,52816,18956,4234,14722,66,42,3.0111486262409017,3.100189649491083,0.6864751859287184,1.5734543254129596,1.5734543254129596,True,21.14110000002256,5.466800000021976,49.67949999991106,76.2873999999556
000011,0.1,0.03,0.6,8,8,52816,18956,4234,14722,66,42,3.0111486262409017,3.100189649491083,0.6864751859287184,1.5734543254129596,1.5734543254129596,True,21.963299999924857,5.3402000000914995,51.612299999987954,78.91580000000431
000011,0.1,0.03,0.6,8,9,52816,18956,4234,14722,66,42,3.0111486262409017,3.100189649491083,0.6864751859287184,1.5734543254129596,1.5734543254129596,True,28.292499999906795,5.0060999999459455,58.94550000016352,92.24410000001626
000011,0.1,0.03,0.6,8,10,52816,18956,4234,14722,66,42,3.0111486262409017,3.100189649491083,0.6864751859287184,1.5734543254129596,1.5734543254129596,True,21.472500000072614,5.260599999928672,47.7245000001858,74.45760000018709
000011,0.1,0.03,0.6,8,11,52816,18956,4234,14722,66,42,3.0111486262409017,3.100189649491083,0.6864751859287184,1.5734543254129596,1.5734543254129596,True,20.405699999855642,5.589200000031269,48.61080000000584,74.60569999989275
000011,0.1,0.03,0.6,8,12,52816,18956,4234,14722,66,42,3.0111486262409017,3.100189649491083,0.6864751859287184,1.5734543254129596,1.5734543254129596,True,21.42360000016197,5.845299999919007,53.22189999992588,80.49080000000686
000011,0.1,0.03,0.6,8,13,52816,18956,4234,14722,66,42,3.0111486262409017,3.100189649491083,0.6864751859287184,1.5734543254129596,1.5734543254129596,True,20.59770000005301,5.5035999998835905,51.71059999997851,77.81189999991511
000011,0.1,0.03,0.6,8,14,52816,18956,4234,14722,66,42,3.0111486262409017,3.100189649491083,0.6864751859287184,1.5734543254129596,1.5734543254129596,True,20.440300000018397,5.180999999993219,51.14630000002762,76.76760000003924
000011,0.1,0.03,0.6,8,15,52816,18956,4234,14722,66,42,3.0111486262409017,3.100189649491083,0.6864751859287184,1.5734543254129596,1.5734543254129596,True,20.748200000070938,5.116000000043641,52.27119999995011,78.13540000006469
000011,0.1,0.03,0.6,8,16,52816,18956,4234,14722,66,42,3.0111486262409017,3.100189649491083,0.6864751859287184,1.5734543254129596,1.5734543254129596,True,21.541800000022704,5.448899999919377,48.7913000001754,75.78200000011748
000011,0.1,0.03,0.6,8,17,52816,18956,4234,14722,66,42,3.0111486262409017,3.100189649491083,0.6864751859287184,1.5734543254129596,1.5734543254129596,True,23.250899999993635,6.307699999979377,54.016000000046915,83.57460000001993
000011,0.1,0.03,0.6,8,18,52816,18956,4234,14722,66,42,3.0111486262409017,3.100189649491083,0.6864751859287184,1.5734543254129596,1.5734543254129596,True,19.978000000037355,5.485299999918425,50.604200000179844,76.06750000013562
000011,0.1,0.03,0.6,8,19,52816,18956,4234,14722,66,42,3.0111486262409017,3.100189649491083,0.6864751859287184,1.5734543254129596,1.5734543254129596,True,20.38000000015927,5.180299999892668,47.40229999993062,72.96259999998256
000011,0.1,0.08,0.6,8,0,52816,18956,7589,11367,50,38,2.224712601703543,1.3869517392625934,0.9587828900436298,1.5734543254129596,1.5734543254129596,True,21.177400000169655,6.85950000001867,39.61699999990742,67.65390000009575
000011,0.1,0.08,0.6,8,1,52816,18956,7589,11367,50,38,2.224712601703543,1.3869517392625934,0.9587828900436298,1.5734543254129596,1.5734543254129596,True,21.328400000129477,6.607499999972788,41.90070000004198,69.83660000014424
000011,0.1,0.08,0.6,8,2,52816,18956,7589,11367,50,38,2.224712601703543,1.3869517392625934,0.9587828900436298,1.5734543254129596,1.5734543254129596,True,20.727599999872837,6.367899999986548,41.36870000002091,68.4641999998803
000011,0.1,0.08,0.6,8,3,52816,18956,7589,11367,50,38,2.224712601703543,1.3869517392625934,0.9587828900436298,1.5734543254129596,1.5734543254129596,True,20.86450000001605,6.3227000000551925,43.567599999960294,70.75480000003154
000011,0.1,0.08,0.6,8,4,52816,18956,7589,11367,50,38,2.224712601703543,1.3869517392625934,0.9587828900436298,1.5734543254129596,1.5734543254129596,True,20.415700000057768,7.59539999990011,42.71029999995335,70.72139999991123
000011,0.1,0.08,0.6,8,5,52816,18956,7589,11367,50,38,2.224712601703543,1.3869517392625934,0.9587828900436298,1.5734543254129596,1.5734543254129596,True,20.511400000032154,6.154599999945276,38.34470000015244,65.01070000012987
000011,0.1,0.08,0.6,8,6,52816,18956,7589,11367,50,38,2.224712601703543,1.3869517392625934,0.9587828900436298,1.5734543254129596,1.5734543254129596,True,20.855900000015026,6.934300000011717,39.63690000000497,67.42710000003171
000011,0.1,0.08,0.6,8,7,52816,18956,7589,11367,50,38,2.224712601703543,1.3869517392625934,0.9587828900436298,1.5734543254129596,1.5734543254129596,True,19.81160000013915,6.026799999972354,39.02349999998478,64.86190000009628
000011,0.1,0.08,0.6,8,8,52816,18956,7589,11367,50,38,2.224712601703543,1.3869517392625934,0.9587828900436298,1.5734543254129596,1.5734543254129596,True,21.151500000087253,6.736999999930049,42.966499999920416,70.85499999993772
000011,0.1,0.08,0.6,8,9,52816,18956,7589,11367,50,38,2.224712601703543,1.3869517392625934,0.9587828900436298,1.5734543254129596,1.5734543254129596,True,19.885400000021036,6.366699999944103,44.148400000040056,70.4005000000052
000011,0.1,0.08,0.6,8,10,52816,18956,7589,11367,50,38,2.224712601703543,1.3869517392625934,0.9587828900436298,1.5734543254129596,1.5734543254129596,True,20.780600000080085,6.366299999854164,42.89420000009159,70.04110000002584
000011,0.1,0.08,0.6,8,11,52816,18956,7589,11367,50,38,2.224712601703543,1.3869517392625934,0.9587828900436298,1.5734543254129596,1.5734543254129596,True,20.418699999936507,6.70669999999518,42.89140000014413,70.01680000007582
000011,0.1,0.08,0.6,8,12,52816,18956,7589,11367,50,38,2.224712601703543,1.3869517392625934,0.9587828900436298,1.5734543254129596,1.5734543254129596,True,20.63769999995202,6.3864000001103705,39.07159999994292,66.09570000000531
000011,0.1,0.08,0.6,8,13,52816,18956,7589,11367,50,38,2.224712601703543,1.3869517392625934,0.9587828900436298,1.5734543254129596,1.5734543254129596,True,20.36650000013651,7.030399999848669,43.48340000001372,70.8802999999989
000011,0.1,0.08,0.6,8,14,52816,18956,7589,11367,50,38,2.224712601703543,1.3869517392625934,0.9587828900436298,1.5734543254129596,1.5734543254129596,True,20.44490000002952,7.078999999976077,42.90369999989707,70.42759999990267
000011,0.1,0.08,0.6,8,15,52816,18956,7589,11367,50,38,2.224712601703543,1.3869517392625934,0.9587828900436298,1.5734543254129596,1.5734543254129596,True,21.69329999992442,6.18850000000748,45.64340000001721,73.52519999994911
000011,0.1,0.08,0.6,8,16,52816,18956,7589,11367,50,38,2.224712601703543,1.3869517392625934,0.9587828900436298,1.5734543254129596,1.5734543254129596,True,20.26490000002923,6.254900000158159,42.908599999918806,69.4284000001062
000011,0.1,0.08,0.6,8,17,52816,18956,7589,11367,50,38,2.224712601703543,1.3869517392625934,0.9587828900436298,1.5734543254129596,1.5734543254129596,True,20.115700000133074,6.397399999968911,39.55900000005386,66.07210000015584
000011,0.1,0.08,0.6,8,18,52816,18956,7589,11367,50,38,2.224712601703543,1.3869517392625934,0.9587828900436298,1.5734543254129596,1.5734543254129596,True,20.949799999925744,6.282900000087466,44.04759999988528,71.28029999989849
000011,0.1,0.08,0.6,8,19,52816,18956,7589,11367,50,38,2.224712601703543,1.3869517392625934,0.9587828900436298,1.5734543254129596,1.5734543254129596,True,20.123999999896114,6.596899999976813,43.69020000012824,70.41110000000117
000011,0.1,0.3,0.6,8,0,52816,18956,9578,9378,41,34,1.9813405109761173,0.9095490013851839,0.9714669096374922,1.5734543254129596,1.5734543254129596,True,20.304699999996956,9.511400000064896,36.192199999959485,66.00830000002134
000011,0.1,0.3,0.6,8,1,52816,18956,9578,9378,41,34,1.9813405109761173,0.9095490013851839,0.9714669096374922,1.5734543254129596,1.5734543254129596,True,22.132899999860456,10.460899999998219,35.99060000010468,68.58439999996335
000011,0.1,0.3,0.6,8,2,52816,18956,9578,9378,41,34,1.9813405109761173,0.9095490013851839,0.9714669096374922,1.5734543254129596,1.5734543254129596,True,19.939199999953416,9.420200000022305,34.55050000002302,63.90989999999874
000011,0.1,0.3,0.6,8,3,52816,18956,9578,9378,41,34,1.9813405109761173,0.9095490013851839,0.9714669096374922,1.5734543254129596,1.5734543254129596,True,19.724300000007133,9.704600000077335,35.16270000000077,64.59160000008524
000011,0.1,0.3,0.6,8,4,52816,18956,9578,9378,41,34,1.9813405109761173,0.9095490013851839,0.9714669096374922,1.5734543254129596,1.5734543254129596,True,21.398500000032072,9.22949999994671,34.922199999982695,65.55019999996148
000011,0.1,0.3,0.6,8,5,52816,18956,9578,9378,41,34,1.9813405109761173,0.9095490013851839,0.9714669096374922,1.5734543254129596,1.5734543254129596,True,20.235400000046866,9.352199999966615,38.66229999994175,68.24989999995523
000011,0.1,0.3,0.6,8,6,52816,18956,9578,9378,41,34,1.9813405109761173,0.9095490013851839,0.9714669096374922,1.5734543254129596,1.5734543254129596,True,20.406299999876865,9.499300000015864,37.55330000012691,67.45890000001964
000011,0.1,0.3,0.6,8,7,52816,18956,9578,9378,41,34,1.9813405109761173,0.9095490013851839,0.9714669096374922,1.5734543254129596,1.5734543254129596,True,22.015899999814792,9.859300000016447,36.38990000013109,68.26509999996233
000011,0.1,0.3,0.6,8,8,52816,18956,9578,9378,41,34,1.9813405109761173,0.9095490013851839,0.9714669096374922,1.5734543254129596,1.5734543254129596,True,21.39509999983602,9.429899999986446,34.3087999999625,65.13379999978497
000011,0.1,0.3,0.6,8,9,52816,18956,9578,9378,41,34,1.9813405109761173,0.9095490013851839,0.9714669096374922,1.5734543254129596,1.5734543254129596,True,21.636400000033973,10.577999999895837,36.787900000035734,69.00229999996554
000011,0.1,0.3,0.6,8,10,52816,18956,9578,9378,41,34,1.9813405109761173,0.9095490013851839,0.9714669096374922,1.5734543254129596,1.5734543254129596,True,21.012200000086523,9.523899999976493,37.78869999996459,68.32480000002761
000011,0.1,0.3,0.6,8,11,52816,18956,9578,9378,41,34,1.9813405109761173,0.9095490013851839,0.9714669096374922,1.5734543254129596,1.5734543254129596,True,20.997100000158753,8.78469999997833,35.98459999989245,65.76640000002953
000011,0.1,0.3,0.6,8,12,52816,18956,9578,9378,41,34,1.9813405109761173,0.9095490013851839,0.9714669096374922,1.5734543254129596,1.5734543254129596,True,20.749900000055277,9.064500000022235,37.143499999956475,66.95790000003399
000011,0.1,0.3,0.6,8,13,52816,18956,9578,9378,41,34,1.9813405109761173,0.9095490013851839,0.9714669096374922,1.5734543254129596,1.5734543254129596,True,20.20160000006399,9.22990000003665,34.55489999987549,63.98639999997613
000011,0.1,0.3,0.6,8,14,52816,18956,9578,9378,41,34,1.9813405109761173,0.9095490013851839,0.9714669096374922,1.5734543254129596,1.5734543254129596,True,20.133200000145735,9.010999999873093,36.58310000014353,65.72730000016236
000011,0.1,0.3,0.6,8,15,52816,18956,9578,9378,41,34,1.9813405109761173,0.9095490013851839,0.9714669096374922,1.5734543254129596,1.5734543254129596,True,21.711199999799646,9.664100000009057,37.41140000011001,68.78669999991871
000011,0.1,0.3,0.6,8,16,52816,18956,9578,9378,41,34,1.9813405109761173,0.9095490013851839,0.9714669096374922,1.5734543254129596,1.5734543254129596,True,21.96430000003602,9.403400000110196,36.72370000003866,68.09140000018488
000011,0.1,0.3,0.6,8,17,52816,18956,9578,9378,41,34,1.9813405109761173,0.9095490013851839,0.9714669096374922,1.5734543254129596,1.5734543254129596,True,20.915500000000975,8.583699999917371,34.930600000052436,64.42979999997078
000011,0.1,0.3,0.6,8,18,52816,18956,9578,9378,41,34,1.9813405109761173,0.9095490013851839,0.9714669096374922,1.5734543254129596,1.5734543254129596,True,20.160200000191253,10.280999999849882,33.79280000012841,64.23400000016954
000011,0.1,0.3,0.6,8,19,52816,18956,9578,9378,41,34,1.9813405109761173,0.9095490013851839,0.9714669096374922,1.5734543254129596,1.5734543254129596,True,19.970499999999447,8.514699999977893,31.616499999927328,60.10169999990467
000011,0.3,0.03,0.6,8,0,52816,4822,1063,3759,772,25,3.0856528432806996,1.8728959033671564,1.1682161165667488,1.5734543254129596,1.5734543254129596,True,19.1615000001093,2.6881999999659456,7.678100000021004,29.52780000009625
000011,0.3,0.03,0.6,8,1,52816,4822,1063,3759,772,25,3.0856528432806996,1.8728959033671564,1.1682161165667488,1.5734543254129596,1.5734543254129596,True,17.10769999999684,2.1443000000545,6.472399999893241,25.72439999994458
000011,0.3,0.03,0.6,8,2,52816,4822,1063,3759,772,25,3.0856528432806996,1.8728959033671564,1.1682161165667488,1.5734543254129596,1.5734543254129596,True,14.993900000035865,2.20379999996112,6.221300000106567,23.41900000010355
000011,0.3,0.03,0.6,8,3,52816,4822,1063,3759,772,25,3.0856528432806996,1.8728959033671564,1.1682161165667488,1.5734543254129596,1.5734543254129596,True,14.799399999901652,2.280000000155269,6.135399999948277,23.214800000005198
000011,0.3,0.03,0.6,8,4,52816,4822,1063,3759,772,25,3.0856528432806996,1.8728959033671564,1.1682161165667488,1.5734543254129596,1.5734543254129596,True,15.611000000035347,2.062000000023545,6.095799999911833,23.768799999970724
000011,0.3,0.03,0.6,8,5,52816,4822,1063,3759,772,25,3.0856528432806996,1.8728959033671564,1.1682161165667488,1.5734543254129596,1.5734543254129596,True,16.657499999837455,2.1759000001111417,7.430599999906917,26.263999999855514
000011,0.3,0.03,0.6,8,6,52816,4822,1063,3759,772,25,3.0856528432806996,1.8728959033671564,1.1682161165667488,1.5734543254129596,1.5734543254129596,True,14.657700000043405,2.231400000027861,6.471299999930125,23.36040000000139
000011,0.3,0.03,0.6,8,7,52816,4822,1063,3759,772,25,3.0856528432806996,1.8728959033671564,1.1682161165667488,1.5734543254129596,1.5734543254129596,True,19.093499999826236,2.832200000057128,6.654100000105245,28.57979999998861
000011,0.3,0.03,0.6,8,8,52816,4822,1063,3759,772,25,3.0856528432806996,1.8728959033671564,1.1682161165667488,1.5734543254129596,1.5734543254129596,True,24.88319999997657,2.6384000000234664,7.685799999990195,35.20739999999023
000011,0.3,0.03,0.6,8,9,52816,4822,1063,3759,772,25,3.0856528432806996,1.8728959033671564,1.1682161165667488,1.5734543254129596,1.5734543254129596,True,17.432000000098924,2.0216999998865504,6.9266000000425265,26.380300000028
000011,0.3,0.03,0.6,8,10,52816,4822,1063,3759,772,25,3.0856528432806996,1.8728959033671564,1.1682161165667488,1.5734543254129596,1.5734543254129596,True,15.533299999788142,1.8546000001151697,6.264599999894926,23.652499999798238
000011,0.3,0.03,0.6,8,11,52816,4822,1063,3759,772,25,3.0856528432806996,1.8728959033671564,1.1682161165667488,1.5734543254129596,1.5734543254129596,True,17.725299999938215,2.234700000144585,6.307500000048094,26.267500000130894
000011,0.3,0.03,0.6,8,12,52816,4822,1063,3759,772,25,3.0856528432806996,1.8728959033671564,1.1682161165667488,1.5734543254129596,1.5734543254129596,True,15.149899999869376,2.0272000001568813,5.681799999820214,22.85889999984647
000011,0.3,0.03,0.6,8,13,52816,4822,1063,3759,772,25,3.0856528432806996,1.8728959033671564,1.1682161165667488,1.5734543254129596,1.5734543254129596,True,23.33290000001398,2.641200000198296,6.460899999865433,32.43500000007771
000011,0.3,0.03,0.6,8,14,52816,4822,1063,3759,772,25,3.0856528432806996,1.8728959033671564,1.1682161165667488,1.5734543254129596,1.5734543254129596,True,14.527799999996205,2.113500000177737,5.580699999882199,22.22200000005614
000011,0.3,0.03,0.6,8,15,52816,4822,1063,3759,772,25,3.0856528432806996,1.8728959033671564,1.1682161165667488,1.5734543254129596,1.5734543254129596,True,14.157999999952153,1.9657999998798914,5.690000000186046,21.81380000001809
000011,0.3,0.03,0.6,8,16,52816,4822,1063,3759,772,25,3.0856528432806996,1.8728959033671564,1.1682161165667488,1.5734543254129596,1.5734543254129596,True,19.385300000067218,2.636599999959799,7.041500000013912,29.06340000004093
000011,0.3,0.03,0.6,8,17,52816,4822,1063,3759,772,25,3.0856528432806996,1.8728959033671564,1.1682161165667488,1.5734543254129596,1.5734543254129596,True,15.100200000006225,2.233899999964706,5.6438000001435285,22.97790000011446
000011,0.3,0.03,0.6,8,18,52816,4822,1063,3759,772,25,3.0856528432806996,1.8728959033671564,1.1682161165667488,1.5734543254129596,1.5734543254129596,True,21.407800000133648,2.411400000028152,6.7828999999619555,30.602100000123755
000011,0.3,0.03,0.6,8,19,52816,4822,1063,3759,772,25,3.0856528432806996,1.8728959033671564,1.1682161165667488,1.5734543254129596,1.5734543254129596,True,15.345499999966705,1.8076000001201464,6.282099999907587,23.43519999999444
000011,0.3,0.08,0.6,8,0,52816,4822,2125,2697,297,23,2.934192822313927,1.4180611882150542,1.2480708609216646,1.5734543254129596,1.5734543254129596,True,24.52070000003914,2.917099999876882,6.104900000082125,33.54269999999815
000011,0.3,0.08,0.6,8,1,52816,4822,2125,2697,297,23,2.934192822313927,1.4180611882150542,1.2480708609216646,1.5734543254129596,1.5734543254129596,True,23.995700000114084,2.7619999998478306,5.504500000142798,32.26220000010471
000011,0.3,0.08,0.6,8,2,52816,4822,2125,2697,297,23,2.934192822313927,1.4180611882150542,1.2480708609216646,1.5734543254129596,1.5734543254129596,True,25.887100000090868,2.99589999985983,5.557400000043344,34.44039999999404
000011,0.3,0.08,0.6,8,3,52816,4822,2125,2697,297,23,2.934192822313927,1.4180611882150542,1.2480708609216646,1.5734543254129596,1.5734543254129596,True,25.144800000134637,2.265499999793974,4.355200000190962,31.765500000119573
000011,0.3,0.08,0.6,8,4,52816,4822,2125,2697,297,23,2.934192822313927,1.4180611882150542,1.2480708609216646,1.5734543254129596,1.5734543254129596,True,22.91509999986374,1.8055000000458676,4.0392000000792905,28.7597999999889
000011,0.3,0.08,0.6,8,5,52816,4822,2125,2697,297,23,2.934192822313927,1.4180611882150542,1.2480708609216646,1.5734543254129596,1.5734543254129596,True,13.747699999839824,1.9623000000592583,3.922299999885581,19.632299999784664
000011,0.3,0.08,0.6,8,6,52816,4822,2125,2697,297,23,2.934192822313927,1.4180611882150542,1.2480708609216646,1.5734543254129596,1.5734543254129596,True,12.562899999920774,2.6204999999208667,5.100800000036543,20.284199999878183
000011,0.3,0.08,0.6,8,7,52816,4822,2125,2697,297,23,2.934192822313927,1.4180611882150542,1.2480708609216646,1.5734543254129596,1.5734543254129596,True,24.924899999859917,2.621300000100746,4.4622000000345,32.00839999999516
000011,0.3,0.08,0.6,8,8,52816,4822,2125,2697,297,23,2.934192822313927,1.4180611882150542,1.2480708609216646,1.5734543254129596,1.5734543254129596,True,12.689199999840639,1.8498000001727632,4.448499999853084,18.987499999866486
000011,0.3,0.08,0.6,8,9,52816,4822,2125,2697,297,23,2.934192822313927,1.4180611882150542,1.2480708609216646,1.5734543254129596,1.5734543254129596,True,17.167100000051505,2.24619999994502,4.287800000156494,23.70110000015302
000011,0.3,0.08,0.6,8,10,52816,4822,2125,2697,297,23,2.934192822313927,1.4180611882150542,1.2480708609216646,1.5734543254129596,1.5734543254129596,True,25.857900000119116,2.594599999838465,4.49390000017047,32.94640000012805
000011,0.3,0.08,0.6,8,11,52816,4822,2125,2697,297,23,2.934192822313927,1.4180611882150542,1.2480708609216646,1.5734543254129596,1.5734543254129596,True,14.806599999928949,1.8262000000959233,3.944899999851259,20.57769999987613
000011,0.3,0.08,0.6,8,12,52816,4822,2125,2697,297,23,2.934192822313927,1.4180611882150542,1.2480708609216646,1.5734543254129596,1.5734543254129596,True,11.998200000107317,1.8631999998888205,3.769700000020748,17.631100000016886
000011,0.3,0.08,0.6,8,13,52816,4822,2125,2697,297,23,2.934192822313927,1.4180611882150542,1.2480708609216646,1.5734543254129596,1.5734543254129596,True,12.814599999956044,1.8450000000029831,3.8769000000229425,18.53649999998197
000011,0.3,0.08,0.6,8,14,52816,4822,2125,2697,297,23,2.934192822313927,1.4180611882150542,1.2480708609216646,1.5734543254129596,1.5734543254129596,True,13.442000000168264,2.218099999936385,4.410499999949025,20.070600000053673
000011,0.3,0.08,0.6,8,15,52816,4822,2125,2697,297,23,2.934192822313927,1.4180611882150542,1.2480708609216646,1.5734543254129596,1.5734543254129596,True,24.810399999978472,2.6324999998905696,4.659800000126779,32.10269999999582
000011,0.3,0.08,0.6,8,16,52816,4822,2125,2697,297,23,2.934192822313927,1.4180611882150542,1.2480708609216646,1.5734543254129596,1.5734543254129596,True,17.022699999870383,2.0051999999850523,4.23399999999674,23.261899999852176
000011,0.3,0.08,0.6,8,17,52816,4822,2125,2697,297,23,2.934192822313927,1.4180611882150542,1.2480708609216646,1.5734543254129596,1.5734543254129596,True,24.053500000036365,2.45150000000649,3.9246999999704713,30.429700000013327
000011,0.3,0.08,0.6,8,18,52816,4822,2125,2697,297,23,2.934192822313927,1.4180611882150542,1.2480708609216646,1.5734543254129596,1.5734543254129596,True,23.34259999997812,2.1225000000413274,3.9598999999270745,29.42499999994652
000011,0.3,0.08,0.6,8,19,52816,4822,2125,2697,297,23,2.934192822313927,1.4180611882150542,1.2480708609216646,1.5734543254129596,1.5734543254129596,True,13.189100000090548,1.843300000018644,4.1426999998748215,19.175099999984013
000011,0.3,0.3,0.6,8,0,52816,4822,2766,2056,179,17,3.4196416258349718,1.4399905193085762,1.2456314875799068,1.5734543254129596,1.5734543254129596,True,12.22219999999652,1.8526999999721738,3.035299999964991,17.110199999933684
000011,0.3,0.3,0.6,8,1,52816,4822,2766,2056,179,17,3.4196416258349718,1.4399905193085762,1.2456314875799068,1.5734543254129596,1.5734543254129596,True,15.097299999979441,1.8935000000510627,3.122800000028292,20.113600000058796
000011,0.3,0.3,0.6,8,2,52816,4822,2766,2056,179,17,3.4196416258349718,1.4399905193085762,1.2456314875799068,1.5734543254129596,1.5734543254129596,True,20.340799999985393,2.1598000000722095,2.9248000000734464,25.42540000013105
000011,0.3,0.3,0.6,8,3,52816,4822,2766,2056,179,17,3.4196416258349718,1.4399905193085762,1.2456314875799068,1.5734543254129596,1.5734543254129596,True,25.65620000018498,2.831899999819143,3.6225999999714986,32.11069999997562
000011,0.3,0.3,0.6,8,4,52816,4822,2766,2056,179,17,3.4196416258349718,1.4399905193085762,1.2456314875799068,1.5734543254129596,1.5734543254129596,True,27.95420000006743,2.5405000001228473,6.109299999934592,36.60400000012487
000011,0.3,0.3,0.6,8,5,52816,4822,2766,2056,179,17,3.4196416258349718,1.4399905193085762,1.2456314875799068,1.5734543254129596,1.5734543254129596,True,26.254899999912595,2.554800000098112,3.552899999931469,32.36259999994218
000011,0.3,0.3,0.6,8,6,52816,4822,2766,2056,179,17,3.4196416258349718,1.4399905193085762,1.2456314875799068,1.5734543254129596,1.5734543254129596,True,27.255600000216873,2.2189999999682186,2.7761999999711406,32.25080000015623
000011,0.3,0.3,0.6,8,7,52816,4822,2766,2056,179,17,3.4196416258349718,1.4399905193085762,1.2456314875799068,1.5734543254129596,1.5734543254129596,True,17.415499999970052,1.927300000033938,2.7738000001136243,22.116600000117614
000011,0.3,0.3,0.6,8,8,52816,4822,2766,2056,179,17,3.4196416258349718,1.4399905193085762,1.2456314875799068,1.5734543254129596,1.5734543254129596,True,13.15840000006574,1.769399999830057,2.820899999960602,17.7486999998564
000011,0.3,0.3,0.6,8,9,52816,4822,2766,2056,179,17,3.4196416258349718,1.4399905193085762,1.2456314875799068,1.5734543254129596,1.5734543254129596,True,12.08489999999074,1.7500000001291482,2.7638999999908265,16.598800000110714
000011,0.3,0.3,0.6,8,10,52816,4822,2766,2056,179,17,3.4196416258349718,1.4399905193085762,1.2456314875799068,1.5734543254129596,1.5734543254129596,True,24.391500000092492,2.339200000051278,3.075399999943329,29.8061000000871
000011,0.3,0.3,0.6,8,11,52816,4822,2766,2056,179,17,3.4196416258349718,1.4399905193085762,1.2456314875799068,1.5734543254129596,1.5734543254129596,True,12.50360000017281,1.8049999998765998,2.7176999999483087,17.02629999999772
000011,0.3,0.3,0.6,8,12,52816,4822,2766,2056,179,17,3.4196416258349718,1.4399905193085762,1.2456314875799068,1.5734543254129596,1.5734543254129596,True,11.324900000090565,1.740199999858305,2.811900000097012,15.877000000045882
000011,0.3,0.3,0.6,8,13,52816,4822,2766,2056,179,17,3.4196416258349718,1.4399905193085762,1.2456314875799068,1.5734543254129596,1.5734543254129596,True,12.373400000114998,1.918100000011691,3.016399999978603,17.307900000105292
000011,0.3,0.3,0.6,8,14,52816,4822,2766,2056,179,17,3.4196416258349718,1.4399905193085762,1.2456314875799068,1.5734543254129596,1.5734543254129596,True,19.477000000051703,1.9830999999612686,3.875999999991109,25.33610000000408
000011,0.3,0.3,0.6,8,15,52816,4822,2766,2056,179,17,3.4196416258349718,1.4399905193085762,1.2456314875799068,1.5734543254129596,1.5734543254129596,True,14.869299999872965,2.466900000172245,3.213599999980943,20.549800000026153
000011,0.3,0.3,0.6,8,16,52816,4822,2766,2056,179,17,3.4196416258349718,1.4399905193085762,1.2456314875799068,1.5734543254129596,1.5734543254129596,True,15.384499999981927,1.8178000000261818,2.836300000126357,20.038600000134466
000011,0.3,0.3,0.6,8,17,52816,4822,2766,2056,179,17,3.4196416258349718,1.4399905193085762,1.2456314875799068,1.5734543254129596,1.5734543254129596,True,22.357699999929537,2.320600000075501,2.8331999999409163,27.511499999945954
000011,0.3,0.3,0.6,8,18,52816,4822,2766,2056,179,17,3.4196416258349718,1.4399905193085762,1.2456314875799068,1.5734543254129596,1.5734543254129596,True,11.642899999969814,1.7510000000129367,2.637900000081572,16.031800000064322
000011,0.3,0.3,0.6,8,19,52816,4822,2766,2056,179,17,3.4196416258349718,1.4399905193085762,1.2456314875799068,1.5734543254129596,1.5734543254129596,True,14.752900000075897,2.196700000013152,2.8972000000067055,19.846800000095755
000049,0.05,0.03,0.6,8,0,42111,24326,6709,17617,81,43,1.9517092846420616,2.116988333526912,0.7245697655224119,2.423812020606089,1.6832902395483038,True,15.687500000012733,7.796399999961068,78.88619999994262,102.37009999991642
000049,0.05,0.03,0.6,8,1,42111,24326,6709,17617,81,43,1.9517092846420616,2.116988333526912,0.7245697655224119,2.423812020606089,1.6832902395483038,True,16.48169999998572,7.814400000142996,90.89129999983925,115.18739999996797
000049,0.05,0.03,0.6,8,2,42111,24326,6709,17617,81,43,1.9517092846420616,2.116988333526912,0.7245697655224119,2.423812020606089,1.6832902395483038,True,17.37819999993917,8.377800000062052,98.49089999988792,124.24689999988914
000049,0.05,0.03,0.6,8,3,42111,24326,6709,17617,81,43,1.9517092846420616,2.116988333526912,0.7245697655224119,2.423812020606089,1.6832902395483038,True,22.601099999974394,9.65089999999691,100.23449999994227,132.48649999991358
000049,0.05,0.03,0.6,8,4,42111,24326,6709,17617,81,43,1.9517092846420616,2.116988333526912,0.7245697655224119,2.423812020606089,1.6832902395483038,True,22.144399999888265,9.098800000174379,105.15899999995781,136.40220000002046
000049,0.05,0.03,0.6,8,5,42111,24326,6709,17617,81,43,1.9517092846420616,2.116988333526912,0.7245697655224119,2.423812020606089,1.6832902395483038,True,21.977099999958227,10.52760000015951,107.8309999998055,140.33569999992324
000049,0.05,0.03,0.6,8,6,42111,24326,6709,17617,81,43,1.9517092846420616,2.116988333526912,0.7245697655224119,2.423812020606089,1.6832902395483038,True,22.426400000085778,11.978799999951661,113.65209999985382,148.05729999989126
000049,0.05,0.03,0.6,8,7,42111,24326,6709,17617,81,43,1.9517092846420616,2.116988333526912,0.7245697655224119,2.423812020606089,1.6832902395483038,True,22.562099999959173,10.485400000106893,118.44929999983833,151.4967999999044
000049,0.05,0.03,0.6,8,8,42111,24326,6709,17617,81,43,1.9517092846420616,2.116988333526912,0.7245697655224119,2.423812020606089,1.6832902395483038,True,27.12870000004841,11.752000000115004,120.29339999980948,159.1740999999729
000049,0.05,0.03,0.6,8,9,42111,24326,6709,17617,81,43,1.9517092846420616,2.116988333526912,0.7245697655224119,2.423812020606089,1.6832902395483038,True,26.501900000084788,12.334999999893625,131.43239999999423,170.26929999997265
000049,0.05,0.03,0.6,8,10,42111,24326,6709,17617,81,43,1.9517092846420616,2.116988333526912,0.7245697655224119,2.423812020606089,1.6832902395483038,True,22.817900000063673,11.49929999996857,128.36480000009942,162.68200000013167
000049,0.05,0.03,0.6,8,11,42111,24326,6709,17617,81,43,1.9517092846420616,2.116988333526912,0.7245697655224119,2.423812020606089,1.6832902395483038,True,25.12980000005882,11.357800000041607,119.43369999994502,155.92130000004545
000049,0.05,0.03,0.6,8,12,42111,24326,6709,17617,81,43,1.9517092846420616,2.116988333526912,0.7245697655224119,2.423812020606089,1.6832902395483038,True,26.124500000150874,12.409699999807344,131.0352000000421,169.56940000000031
000049,0.05,0.03,0.6,8,13,42111,24326,6709,17617,81,43,1.9517092846420616,2.116988333526912,0.7245697655224119,2.423812020606089,1.6832902395483038,True,24.31879999994635,10.558899999978166,126.78900000014437,161.6667000000689
000049,0.05,0.03,0.6,8,14,42111,24326,6709,17617,81,43,1.9517092846420616,2.116988333526912,0.7245697655224119,2.423812020606089,1.6832902395483038,True,24.942199999941295,12.020699999993667,124.15240000018457,161.11530000011953
000049,0.05,0.03,0.6,8,15,42111,24326,6709,17617,81,43,1.9517092846420616,2.116988333526912,0.7245697655224119,2.423812020606089,1.6832902395483038,True,24.19659999986834,11.752600000136226,114.7429000000102,150.69210000001476
000049,0.05,0.03,0.6,8,16,42111,24326,6709,17617,81,43,1.9517092846420616,2.116988333526912,0.7245697655224119,2.423812020606089,1.6832902395483038,True,29.71109999998589,10.85149999994428,115.23220000003676,155.79479999996693
000049,0.05,0.03,0.6,8,17,42111,24326,6709,17617,81,43,1.9517092846420616,2.116988333526912,0.7245697655224119,2.423812020606089,1.6832902395483038,True,23.089200000185883,13.403699999798846,116.38809999999467,152.8809999999794
000049,0.05,0.03,0.6,8,18,42111,24326,6709,17617,81,43,1.9517092846420616,2.116988333526912,0.7245697655224119,2.423812020606089,1.6832902395483038,True,25.61809999997422,12.011799999982031,118.0395999999746,155.66949999993085
000049,0.05,0.03,0.6,8,19,42111,24326,6709,17617,81,43,1.9517092846420616,2.116988333526912,0.7245697655224119,2.423812020606089,1.6832902395483038,True,22.942599999851154,10.740100000020902,114.68970000009904,148.3723999999711
000049,0.05,0.08,0.6,8,0,42111,24326,10484,13842,63,39,1.943709315962962,1.4547051275387788,0.8917863157928053,2.423812020606089,1.6832902395483038,True,24.04959999989842,15.621799999962604,95.49070000002757,135.1620999998886
000049,0.05,0.08,0.6,8,1,42111,24326,10484,13842,63,39,1.943709315962962,1.4547051275387788,0.8917863157928053,2.423812020606089,1.6832902395483038,True,21.729800000002797,14.57180000011249,88.82919999996375,125.13080000007903
000049,0.05,0.08,0.6,8,2,42111,24326,10484,13842,63,39,1.943709315962962,1.4547051275387788,0.8917863157928053,2.423812020606089,1.6832902395483038,True,21.74890000014784,16.583199999786302,88.7032000000545,127.03529999998864
000049,0.05,0.08,0.6,8,3,42111,24326,10484,13842,63,39,1.943709315962962,1.4547051275387788,0.8917863157928053,2.423812020606089,1.6832902395483038,True,20.965300000170828,12.879599999905622,92.98560000001999,126.83050000009644
000049,0.05,0.08,0.6,8,4,42111,24326,10484,13842,63,39,1.943709315962962,1.4547051275387788,0.8917863157928053,2.423812020606089,1.6832902395483038,True,20.964999999932843,14.37460000011015,88.13599999984945,123.47559999989244
000049,0.05,0.08,0.6,8,5,42111,24326,10484,13842,63,39,1.943709315962962,1.4547051275387788,0.8917863157928053,2.423812020606089,1.6832902395483038,True,20.904900000005,13.90070000002197,87.52610000010463,122.3317000001316
000049,0.05,0.08,0.6,8,6,42111,24326,10484,13842,63,39,1.943709315962962,1.4547051275387788,0.8917863157928053,2.423812020606089,1.6832902395483038,True,21.96490000005724,15.055999999958658,94.49449999988246,131.51539999989836
000049,0.05,0.08,0.6,8,7,42111,24326,10484,13842,63,39,1.943709315962962,1.4547051275387788,0.8917863157928053,2.423812020606089,1.6832902395483038,True,22.166700000070705,13.997199999948862,94.13450000010926,130.29840000012882
000049,0.05,0.08,0.6,8,8,42111,24326,10484,13842,63,39,1.943709315962962,1.4547051275387788,0.8917863157928053,2.423812020606089,1.6832902395483038,True,20.56880000009187,15.470899999854737,90.29809999992722,126.33779999987382
000049,0.05,0.08,0.6,8,9,42111,24326,10484,13842,63,39,1.943709315962962,1.4547051275387788,0.8917863157928053,2.423812020606089,1.6832902395483038,True,21.839199999931225,13.050799999973606,92.54230000010466,127.43230000000949
000049,0.05,0.08,0.6,8,10,42111,24326,10484,13842,63,39,1.943709315962962,1.4547051275387788,0.8917863157928053,2.423812020606089,1.6832902395483038,True,23.7753999999768,14.050300000008065,97.59079999980713,135.416499999792
000049,0.05,0.08,0.6,8,11,42111,24326,10484,13842,63,39,1.943709315962962,1.4547051275387788,0.8917863157928053,2.423812020606089,1.6832902395483038,True,22.373000000015963,15.067600000065795,98.71580000003632,136.15640000011808
000049,0.05,0.08,0.6,8,12,42111,24326,10484,13842,63,39,1.943709315962962,1.4547051275387788,0.8917863157928053,2.423812020606089,1.6832902395483038,True,23.366599999917526,16.83170000001155,96.9347000000198,137.13299999994888
000049,0.05,0.08,0.6,8,13,42111,24326,10484,13842,63,39,1.943709315962962,1.4547051275387788,0.8917863157928053,2.423812020606089,1.6832902395483038,True,22.91190000005372,12.606000000005224,104.40919999996368,139.92710000002262
000049,0.05,0.08,0.6,8,14,42111,24326,10484,13842,63,39,1.943709315962962,1.4547051275387788,0.8917863157928053,2.423812020606089,1.6832902395483038,True,22.384999999985666,14.055499999813037,97.94520000014018,134.38569999993888
000049,0.05,0.08,0.6,8,15,42111,24326,10484,13842,63,39,1.943709315962962,1.4547051275387788,0.8917863157928053,2.423812020606089,1.6832902395483038,True,22.428499999932683,15.822899999875517,90.02410000016425,128.27549999997245
000049,0.05,0.08,0.6,8,16,42111,24326,10484,13842,63,39,1.943709315962962,1.4547051275387788,0.8917863157928053,2.423812020606089,1.6832902395483038,True,22.076999999853797,12.710500000139291,95.74759999986782,130.5350999998609
000049,0.05,0.08,0.6,8,17,42111,24326,10484,13842,63,39,1.943709315962962,1.4547051275387788,0.8917863157928053,2.423812020606089,1.6832902395483038,True,25.435499999957756,17.155199999933757,98.72870000003786,141.31939999992937
000049,0.05,0.08,0.6,8,18,42111,24326,10484,13842,63,39,1.943709315962962,1.4547051275387788,0.8917863157928053,2.423812020606089,1.6832902395483038,True,23.393599999963044,13.13310000000456,100.81770000010692,137.34440000007453
000049,0.05,0.08,0.6,8,19,42111,24326,10484,13842,63,39,1.943709315962962,1.4547051275387788,0.8917863157928053,2.423812020606089,1.6832902395483038,True,21.570000000110667,16.26069999997526,95.74479999992036,133.5755000000063
000049,0.05,0.3,0.6,8,0,42111,24326,12625,11701,48,33,1.9664846978460748,1.3382242688626953,1.039475762417935,2.423812020606089,1.6832902395483038,True,21.484500000042317,16.319800000019313,74.30049999993571,112.10479999999734
000049,0.05,0.3,0.6,8,1,42111,24326,12625,11701,48,33,1.9664846978460748,1.3382242688626953,1.039475762417935,2.423812020606089,1.6832902395483038,True,22.873299999901064,19.25970000002053,77.01250000013715,119.14550000005875
000049,0.05,0.3,0.6,8,2,42111,24326,12625,11701,48,33,1.9664846978460748,1.3382242688626953,1.039475762417935,2.423812020606089,1.6832902395483038,True,22.722899999962465,17.741200000045865,70.85740000002261,111.32150000003094
000049,0.05,0.3,0.6,8,3,42111,24326,12625,11701,48,33,1.9664846978460748,1.3382242688626953,1.039475762417935,2.423812020606089,1.6832902395483038,True,21.61799999998948,17.558000000008178,75.31999999991967,114.49599999991733
000049,0.05,0.3,0.6,8,4,42111,24326,12625,11701,48,33,1.9664846978460748,1.3382242688626953,1.039475762417935,2.423812020606089,1.6832902395483038,True,21.846600000117178,19.989599999917118,72.48099999992519,114.31719999995948
000049,0.05,0.3,0.6,8,5,42111,24326,12625,11701,48,33,1.9664846978460748,1.3382242688626953,1.039475762417935,2.423812020606089,1.6832902395483038,True,21.6390999999021,19.360199999937322,76.62410000011732,117.62339999995675
000049,0.05,0.3,0.6,8,6,42111,24326,12625,11701,48,33,1.9664846978460748,1.3382242688626953,1.039475762417935,2.423812020606089,1.6832902395483038,True,22.74929999998676,18.507999999883396,73.37920000009035,114.6364999999605
000049,0.05,0.3,0.6,8,7,42111,24326,12625,11701,48,33,1.9664846978460748,1.3382242688626953,1.039475762417935,2.423812020606089,1.6832902395483038,True,22.288099999968836,20.24200000005294,70.69030000002385,113.22040000004563
000049,0.05,0.3,0.6,8,8,42111,24326,12625,11701,48,33,1.9664846978460748,1.3382242688626953,1.039475762417935,2.423812020606089,1.6832902395483038,True,23.006600000144317,15.531299999793191,76.74330000008922,115.28120000002673
000049,0.05,0.3,0.6,8,9,42111,24326,12625,11701,48,33,1.9664846978460748,1.3382242688626953,1.039475762417935,2.423812020606089,1.6832902395483038,True,21.676399999932983,18.19100000011531,74.2702999998528,114.13769999990109
000049,0.05,0.3,0.6,8,10,42111,24326,12625,11701,48,33,1.9664846978460748,1.3382242688626953,1.039475762417935,2.423812020606089,1.6832902395483038,True,22.674499999993714,19.172700000126497,78.20070000002488,120.04790000014509
000049,0.05,0.3,0.6,8,11,42111,24326,12625,11701,48,33,1.9664846978460748,1.3382242688626953,1.039475762417935,2.423812020606089,1.6832902395483038,True,22.414899999830595,16.77519999998367,81.59120000004805,120.78129999986231
000049,0.05,0.3,0.6,8,12,42111,24326,12625,11701,48,33,1.9664846978460748,1.3382242688626953,1.039475762417935,2.423812020606089,1.6832902395483038,True,21.036600000115868,14.874299999974028,80.00839999999698,115.91930000008688
000049,0.05,0.3,0.6,8,13,42111,24326,12625,11701,48,33,1.9664846978460748,1.3382242688626953,1.039475762417935,2.423812020606089,1.6832902395483038,True,24.601000000075146,20.541799999818977,80.13750000009168,125.2802999999858
000049,0.05,0.3,0.6,8,14,42111,24326,12625,11701,48,33,1.9664846978460748,1.3382242688626953,1.039475762417935,2.423812020606089,1.6832902395483038,True,24.25900000002912,19.285099999933664,79.09539999991466,122.63949999987744
000049,0.05,0.3,0.6,8,15,42111,24326,12625,11701,48,33,1.9664846978460748,1.3382242688626953,1.039475762417935,2.423812020606089,1.6832902395483038,True,22.247699999979886,18.908700000110912,73.59199999996235,114.74840000005315
000049,0.05,0.3,0.6,8,16,42111,24326,12625,11701,48,33,1.9664846978460748,1.3382242688626953,1.039475762417935,2.423812020606089,1.6832902395483038,True,21.611599999914688,20.62660000001415,75.37709999996878,117.61529999989762
000049,0.05,0.3,0.6,8,17,42111,24326,12625,11701,48,33,1.9664846978460748,1.3382242688626953,1.039475762417935,2.423812020606089,1.6832902395483038,True,21.87329999992471,16.777399999909903,78.09560000009697,116.74629999993158
000049,0.05,0.3,0.6,8,18,42111,24326,12625,11701,48,33,1.9664846978460748,1.3382242688626953,1.039475762417935,2.423812020606089,1.6832902395483038,True,20.667799999955605,18.160399999942456,76.67460000016035,115.50280000005841
000049,0.05,0.3,0.6,8,19,42111,24326,12625,11701,48,33,1.9664846978460748,1.3382242688626953,1.039475762417935,2.423812020606089,1.6832902395483038,True,21.07760000012604,19.07430000005661,73.4433000000081,113.59520000019074
000049,0.1,0.03,0.6,8,0,42111,13176,3573,9603,123,39,2.0805652592506294,1.9291927420685435,0.8318632380742358,2.423812020606089,1.7125125685497224,True,17.28410000009717,4.4757999999092135,33.73060000012629,55.49050000013267
000049,0.1,0.03,0.6,8,1,42111,13176,3573,9603,123,39,2.0805652592506294,1.9291927420685435,0.8318632380742358,2.423812020606089,1.7125125685497224,True,17.37819999993917,3.856000000041604,33.408499999950436,54.64269999993121
000049,0.1,0.03,0.6,8,2,42111,13176,3573,9603,123,39,2.0805652592506294,1.9291927420685435,0.8318632380742358,2.423812020606089,1.7125125685497224,True,17.09789999995337,4.003699999884702,30.976300000020274,52.077899999858346
000049,0.1,0.03,0.6,8,3,42111,13176,3573,9603,123,39,2.0805652592506294,1.9291927420685435,0.8318632380742358,2.423812020606089,1.7125125685497224,True,16.82000000005246,3.6001999999371037,30.93059999991965,51.35079999990921
000049,0.1,0.03,0.6,8,4,42111,13176,3573,9603,123,39,2.0805652592506294,1.9291927420685435,0.8318632380742358,2.423812020606089,1.7125125685497224,True,16.63889999986168,3.838300000097661,34.07859999992979,54.55579999988913
000049,0.1,0.03,0.6,8,5,42111,13176,3573,9603,123,39,2.0805652592506294,1.9291927420685435,0.8318632380742358,2.423812020606089,1.7125125685497224,True,17.594500000086555,4.2384999999285355,32.482500000014625,54.315500000029715
000049,0.1,0.03,0.6,8,6,42111,13176,3573,9603,123,39,2.0805652592506294,1.9291927420685435,0.8318632380742358,2.423812020606089,1.7125125685497224,True,17.343400000072506,3.8581999999678374,35.25220000005902,56.45380000009936
000049,0.1,0.03,0.6,8,7,42111,13176,3573,9603,123,39,2.0805652592506294,1.9291927420685435,0.8318632380742358,2.423812020606089,1.7125125685497224,True,17.848699999831297,3.947800000105417,31.662299999879906,53.45879999981662
000049,0.1,0.03,0.6,8,8,42111,13176,3573,9603,123,39,2.0805652592506294,1.9291927420685435,0.8318632380742358,2.423812020606089,1.7125125685497224,True,16.05029999996077,3.9623000000119646,29.570799999873998,49.58339999984673
000049,0.1,0.03,0.6,8,9,42111,13176,3573,9603,123,39,2.0805652592506294,1.9291927420685435,0.8318632380742358,2.423812020606089,1.7125125685497224,True,16.175400000065565,3.782400000091002,30.207199999949808,50.165000000106375
000049,0.1,0.03,0.6,8,10,42111,13176,3573,9603,123,39,2.0805652592506294,1.9291927420685435,0.8318632380742358,2.423812020606089,1.7125125685497224,True,16.034100000069884,4.050999999890337,29.925999999932174,50.011099999892394
000049,0.1,0.03,0.6,8,11,42111,13176,3573,9603,123,39,2.0805652592506294,1.9291927420685435,0.8318632380742358,2.423812020606089,1.7125125685497224,True,16.456299999845214,3.8057000001572305,29.606999999941763,49.86899999994421
000049,0.1,0.03,0.6,8,12,42111,13176,3573,9603,123,39,2.0805652592506294,1.9291927420685435,0.8318632380742358,2.423812020606089,1.7125125685497224,True,15.98569999987376,3.5720999999284686,28.764400000000023,48.32219999980225
000049,0.1,0.03,0.6,8,13,42111,13176,3573,9603,123,39,2.0805652592506294,1.9291927420685435,0.8318632380742358,2.423812020606089,1.7125125685497224,True,16.057600000067396,3.90319999996791,31.118300000116506,51.07910000015181
000049,0.1,0.03,0.6,8,14,42111,13176,3573,9603,123,39,2.0805652592506294,1.9291927420685435,0.8318632380742358,2.423812020606089,1.7125125685497224,True,16.331799999989016,3.8956000000780477,30.027000000018234,50.2544000000853
000049,0.1,0.03,0.6,8,15,42111,13176,3573,9603,123,39,2.0805652592506294,1.9291927420685435,0.8318632380742358,2.423812020606089,1.7125125685497224,True,16.219500000033804,4.287499999918509,30.480600000146296,50.98760000009861
000049,0.1,0.03,0.6,8,16,42111,13176,3573,9603,123,39,2.0805652592506294,1.9291927420685435,0.8318632380742358,2.423812020606089,1.7125125685497224,True,16.193200000088837,3.695299999890267,30.52760000014132,50.41610000012042
000049,0.1,0.03,0.6,8,17,42111,13176,3573,9603,123,39,2.0805652592506294,1.9291927420685435,0.8318632380742358,2.423812020606089,1.7125125685497224,True,16.29289999982575,4.22500000013315,32.68349999984821,53.20139999980711
000049,0.1,0.03,0.6,8,18,42111,13176,3573,9603,123,39,2.0805652592506294,1.9291927420685435,0.8318632380742358,2.423812020606089,1.7125125685497224,True,16.55220000020563,3.8145999999414926,29.494899999917834,49.86170000006496
000049,0.1,0.03,0.6,8,19,42111,13176,3573,9603,123,39,2.0805652592506294,1.9291927420685435,0.8318632380742358,2.423812020606089,1.7125125685497224,True,15.956299999970724,3.8819999999759602,30.54999999994834,50.388299999895025
000049,0.1,0.08,0.6,8,0,42111,13176,5443,7733,79,33,2.2277032890159525,1.6862071051140024,1.0453459506506346,2.423812020606089,1.7125125685497224,True,16.433399999868925,4.4474999999692955,22.627000000056796,43.50789999989502
000049,0.1,0.08,0.6,8,1,42111,13176,5443,7733,79,33,2.2277032890159525,1.6862071051140024,1.0453459506506346,2.423812020606089,1.7125125685497224,True,16.22240000006059,4.464799999823299,23.5853000001498,44.27250000003369
000049,0.1,0.08,0.6,8,2,42111,13176,5443,7733,79,33,2.2277032890159525,1.6862071051140024,1.0453459506506346,2.423812020606089,1.7125125685497224,True,16.030199999931938,4.31069999990541,25.07900000000518,45.41989999984253
000049,0.1,0.08,0.6,8,3,42111,13176,5443,7733,79,33,2.2277032890159525,1.6862071051140024,1.0453459506506346,2.423812020606089,1.7125125685497224,True,17.12180000004082,4.556500000035157,26.04519999999866,47.72350000007464
000049,0.1,0.08,0.6,8,4,42111,13176,5443,7733,79,33,2.2277032890159525,1.6862071051140024,1.0453459506506346,2.423812020606089,1.7125125685497224,True,16.28230000005715,4.359000000022206,23.341599999866958,43.98289999994631
000049,0.1,0.08,0.6,8,5,42111,13176,5443,7733,79,33,2.2277032890159525,1.6862071051140024,1.0453459506506346,2.423812020606089,1.7125125685497224,True,16.50289999997767,5.098500000030981,26.09529999995175,47.6966999999604
000049,0.1,0.08,0.6,8,6,42111,13176,5443,7733,79,33,2.2277032890159525,1.6862071051140024,1.0453459506506346,2.423812020606089,1.7125125685497224,True,16.33569999989959,4.523100000142222,27.70850000001701,48.56730000005882
000049,0.1,0.08,0.6,8,7,42111,13176,5443,7733,79,33,2.2277032890159525,1.6862071051140024,1.0453459506506346,2.423812020606089,1.7125125685497224,True,19.5550999999341,4.633300000023155,25.40879999992285,49.597199999880104
000049,0.1,0.08,0.6,8,8,42111,13176,5443,7733,79,33,2.2277032890159525,1.6862071051140024,1.0453459506506346,2.423812020606089,1.7125125685497224,True,17.193599999927756,4.378900000119756,24.26619999982904,45.83869999987655
000049,0.1,0.08,0.6,8,9,42111,13176,5443,7733,79,33,2.2277032890159525,1.6862071051140024,1.0453459506506346,2.423812020606089,1.7125125685497224,True,15.49010000007911,4.637699999875622,25.405600000112827,45.53340000006756
000049,0.1,0.08,0.6,8,10,42111,13176,5443,7733,79,33,2.2277032890159525,1.6862071051140024,1.0453459506506346,2.423812020606089,1.7125125685497224,True,17.236299999922267,5.121299999927942,26.116300000012416,48.473899999862624
000049,0.1,0.08,0.6,8,11,42111,13176,5443,7733,79,33,2.2277032890159525,1.6862071051140024,1.0453459506506346,2.423812020606089,1.7125125685497224,True,17.611000000215427,4.90559999980178,24.827000000186672,47.34360000020388
000049,0.1,0.08,0.6,8,12,42111,13176,5443,7733,79,33,2.2277032890159525,1.6862071051140024,1.0453459506506346,2.423812020606089,1.7125125685497224,True,16.287400000010166,4.497599999922386,23.957999999993262,44.742999999925814
000049,0.1,0.08,0.6,8,13,42111,13176,5443,7733,79,33,2.2277032890159525,1.6862071051140024,1.0453459506506346,2.423812020606089,1.7125125685497224,True,15.851999999995314,4.3240999998488405,25.260000000116634,45.43609999996079
000049,0.1,0.08,0.6,8,14,42111,13176,5443,7733,79,33,2.2277032890159525,1.6862071051140024,1.0453459506506346,2.423812020606089,1.7125125685497224,True,16.466100000116057,5.032300000038958,25.612599999931263,47.11100000008628
000049,0.1,0.08,0.6,8,15,42111,13176,5443,7733,79,33,2.2277032890159525,1.6862071051140024,1.0453459506506346,2.423812020606089,1.7125125685497224,True,16.97140000010222,4.578299999820956,24.74819999997635,46.29789999989953
000049,0.1,0.08,0.6,8,16,42111,13176,5443,7733,79,33,2.2277032890159525,1.6862071051140024,1.0453459506506346,2.423812020606089,1.7125125685497224,True,16.27280000002429,4.517600000099264,24.790799999891533,45.58120000001509
000049,0.1,0.08,0.6,8,17,42111,13176,5443,7733,79,33,2.2277032890159525,1.6862071051140024,1.0453459506506346,2.423812020606089,1.7125125685497224,True,17.43979999992007,4.5380999999906635,25.514899999961926,47.49279999987266
000049,0.1,0.08,0.6,8,18,42111,13176,5443,7733,79,33,2.2277032890159525,1.6862071051140024,1.0453459506506346,2.423812020606089,1.7125125685497224,True,16.456399999924542,5.284900000106063,25.924600000053033,47.66590000008364
000049,0.1,0.08,0.6,8,19,42111,13176,5443,7733,79,33,2.2277032890159525,1.6862071051140024,1.0453459506506346,2.423812020606089,1.7125125685497224,True,16.459599999961938,4.477599999972881,23.38289999988774,44.32009999982256
000049,0.1,0.3,0.6,8,0,42111,13176,6801,6375,63,30,2.1279847430582675,1.4494000444809596,1.1306055571383762,2.423812020606089,1.7125125685497224,True,16.156300000147894,6.047699999953693,21.0088999999698,43.212900000071386
000049,0.1,0.3,0.6,8,1,42111,13176,6801,6375,63,30,2.1279847430582675,1.4494000444809596,1.1306055571383762,2.423812020606089,1.7125125685497224,True,17.109200000049896,6.010699999933422,20.197399999915433,43.31729999989875
000049,0.1,0.3,0.6,8,2,42111,13176,6801,6375,63,30,2.1279847430582675,1.4494000444809596,1.1306055571383762,2.423812020606089,1.7125125685497224,True,16.26069999997526,6.521900000052483,19.629899999927147,42.41249999995489
000049,0.1,0.3,0.6,8,3,42111,13176,6801,6375,63,30,2.1279847430582675,1.4494000444809596,1.1306055571383762,2.423812020606089,1.7125125685497224,True,16.347100000075443,6.333699999913733,20.098800000141637,42.77960000013081
000049,0.1,0.3,0.6,8,4,42111,13176,6801,6375,63,30,2.1279847430582675,1.4494000444809596,1.1306055571383762,2.423812020606089,1.7125125685497224,True,15.999299999975847,6.265299999995477,21.07860000000983,43.34319999998115
000049,0.1,0.3,0.6,8,5,42111,13176,6801,6375,63,30,2.1279847430582675,1.4494000444809596,1.1306055571383762,2.423812020606089,1.7125125685497224,True,16.53100000021368,6.573799999841867,20.07990000015525,43.184700000210796
000049,0.1,0.3,0.6,8,6,42111,13176,6801,6375,63,30,2.1279847430582675,1.4494000444809596,1.1306055571383762,2.423812020606089,1.7125125685497224,True,15.925699999797871,6.416500000113956,19.190600000001723,41.53279999991355
000049,0.1,0.3,0.6,8,7,42111,13176,6801,6375,63,30,2.1279847430582675,1.4494000444809596,1.1306055571383762,2.423812020606089,1.7125125685497224,True,16.204999999899883,6.245300000045972,20.751300000029005,43.20159999997486
000049,0.1,0.3,0.6,8,8,42111,13176,6801,6375,63,30,2.1279847430582675,1.4494000444809596,1.1306055571383762,2.423812020606089,1.7125125685497224,True,17.999700000018493,6.559599999945931,21.129900000005364,45.68919999996979
000049,0.1,0.3,0.6,8,9,42111,13176,6801,6375,63,30,2.1279847430582675,1.4494000444809596,1.1306055571383762,2.423812020606089,1.7125125685497224,True,16.371899999967354,6.524099999978716,19.614799999999377,42.51079999994545
000049,0.1,0.3,0.6,8,10,42111,13176,6801,6375,63,30,2.1279847430582675,1.4494000444809596,1.1306055571383762,2.423812020606089,1.7125125685497224,True,16.27939999980299,6.551100000024235,21.58910000002834,44.41959999985556
000049,0.1,0.3,0.6,8,11,42111,13176,6801,6375,63,30,2.1279847430582675,1.4494000444809596,1.1306055571383762,2.423812020606089,1.7125125685497224,True,17.5870999999006,6.446500000038213,20.538900000019567,44.57249999995838
000049,0.1,0.3,0.6,8,12,42111,13176,6801,6375,63,30,2.1279847430582675,1.4494000444809596,1.1306055571383762,2.423812020606089,1.7125125685497224,True,16.372900000078516,7.16340000008131,19.575099999883605,43.11140000004343
000049,0.1,0.3,0.6,8,13,42111,13176,6801,6375,63,30,2.1279847430582675,1.4494000444809596,1.1306055571383762,2.423812020606089,1.7125125685497224,True,15.924199999972188,6.4990999999281485,18.485300000065763,40.9085999999661
000049,0.1,0.3,0.6,8,14,42111,13176,6801,6375,63,30,2.1279847430582675,1.4494000444809596,1.1306055571383762,2.423812020606089,1.7125125685497224,True,16.402900000002774,6.267299999990428,19.981199999847377,42.65139999984058
000049,0.1,0.3,0.6,8,15,42111,13176,6801,6375,63,30,2.1279847430582675,1.4494000444809596,1.1306055571383762,2.423812020606089,1.7125125685497224,True,16.510100000004968,6.660000000010768,20.256000000017593,43.42610000003333
000049,0.1,0.3,0.6,8,16,42111,13176,6801,6375,63,30,2.1279847430582675,1.4494000444809596,1.1306055571383762,2.423812020606089,1.7125125685497224,True,16.569099999969694,6.839099999979226,20.533899999918503,43.94209999986742
000049,0.1,0.3,0.6,8,17,42111,13176,6801,6375,63,30,2.1279847430582675,1.4494000444809596,1.1306055571383762,2.423812020606089,1.7125125685497224,True,15.865800000028685,6.75890000002255,19.0448999999262,41.669599999977436
000049,0.1,0.3,0.6,8,18,42111,13176,6801,6375,63,30,2.1279847430582675,1.4494000444809596,1.1306055571383762,2.423812020606089,1.7125125685497224,True,16.15219999985129,6.50180000002365,19.743900000094072,42.39789999996901
000049,0.1,0.3,0.6,8,19,42111,13176,6801,6375,63,30,2.1279847430582675,1.4494000444809596,1.1306055571383762,2.423812020606089,1.7125125685497224,True,16.325600000072882,6.43339999987802,22.611099999949147,45.37009999990005
000049,0.3,0.03,0.6,8,0,42111,3408,911,2497,310,28,2.5113394596815537,1.7224875008799583,1.0654126997644215,2.4748292162337764,1.7378288632946026,True,14.569899999969493,1.818100000036793,5.245000000059008,21.633000000065294
000049,0.3,0.03,0.6,8,1,42111,3408,911,2497,310,28,2.5113394596815537,1.7224875008799583,1.0654126997644215,2.4748292162337764,1.7378288632946026,True,15.25349999997161,2.094100000022081,6.17429999988417,23.52189999987786
000049,0.3,0.03,0.6,8,2,42111,3408,911,2497,310,28,2.5113394596815537,1.7224875008799583,1.0654126997644215,2.4748292162337764,1.7378288632946026,True,13.821900000039022,1.775799999904848,4.8968999999488005,20.49459999989267
000049,0.3,0.03,0.6,8,3,42111,3408,911,2497,310,28,2.5113394596815537,1.7224875008799583,1.0654126997644215,2.4748292162337764,1.7378288632946026,True,14.400599999817132,2.1143000001302426,5.2223999998659565,21.73729999981333
000049,0.3,0.03,0.6,8,4,42111,3408,911,2497,310,28,2.5113394596815537,1.7224875008799583,1.0654126997644215,2.4748292162337764,1.7378288632946026,True,15.173200000162979,1.9058000000313768,5.060699999830831,22.139700000025186
000049,0.3,0.03,0.6,8,5,42111,3408,911,2497,310,28,2.5113394596815537,1.7224875008799583,1.0654126997644215,2.4748292162337764,1.7378288632946026,True,14.989300000024741,2.0910999999159685,4.896099999996295,21.976499999937005
000049,0.3,0.03,0.6,8,6,42111,3408,911,2497,310,28,2.5113394596815537,1.7224875008799583,1.0654126997644215,2.4748292162337764,1.7378288632946026,True,13.440199999877223,1.8242000001009728,4.645600000003469,19.909999999981665
000049,0.3,0.03,0.6,8,7,42111,3408,911,2497,310,28,2.5113394596815537,1.7224875008799583,1.0654126997644215,2.4748292162337764,1.7378288632946026,True,13.899499999979525,1.7473999998856016,4.9113000000033935,20.55819999986852
000049,0.3,0.03,0.6,8,8,42111,3408,911,2497,310,28,2.5113394596815537,1.7224875008799583,1.0654126997644215,2.4748292162337764,1.7378288632946026,True,12.890500000139582,1.6155000000708242,4.420799999934388,18.926800000144794
000049,0.3,0.03,0.6,8,9,42111,3408,911,2497,310,28,2.5113394596815537,1.7224875008799583,1.0654126997644215,2.4748292162337764,1.7378288632946026,True,12.821200000189492,2.0268999999188964,4.8477999998794985,19.695899999987887
000049,0.3,0.03,0.6,8,10,42111,3408,911,2497,310,28,2.5113394596815537,1.7224875008799583,1.0654126997644215,2.4748292162337764,1.7378288632946026,True,12.726799999882132,1.5663000001495675,4.680399999870133,18.973499999901833
000049,0.3,0.03,0.6,8,11,42111,3408,911,2497,310,28,2.5113394596815537,1.7224875008799583,1.0654126997644215,2.4748292162337764,1.7378288632946026,True,18.638300000020536,2.8230999998868356,7.723599999962971,29.184999999870342
000049,0.3,0.03,0.6,8,12,42111,3408,911,2497,310,28,2.5113394596815537,1.7224875008799583,1.0654126997644215,2.4748292162337764,1.7378288632946026,True,24.039599999923666,2.4780000001101143,5.579899999929694,32.097499999963475
000049,0.3,0.03,0.6,8,13,42111,3408,911,2497,310,28,2.5113394596815537,1.7224875008799583,1.0654126997644215,2.4748292162337764,1.7378288632946026,True,13.124500000003536,1.8553999998403015,4.89360000005945,19.873499999903288
000049,0.3,0.03,0.6,8,14,42111,3408,911,2497,310,28,2.5113394596815537,1.7224875008799583,1.0654126997644215,2.4748292162337764,1.7378288632946026,True,12.415800000098898,1.680800000031013,4.639999999881184,18.736600000011094
000049,0.3,0.03,0.6,8,15,42111,3408,911,2497,310,28,2.5113394596815537,1.7224875008799583,1.0654126997644215,2.4748292162337764,1.7378288632946026,True,17.005499999868334,2.1682999999939057,5.682200000137527,24.855999999999767
000049,0.3,0.03,0.6,8,16,42111,3408,911,2497,310,28,2.5113394596815537,1.7224875008799583,1.0654126997644215,2.4748292162337764,1.7378288632946026,True,22.47680000004948,2.180400000042937,6.888299999900482,31.5454999999929
000049,0.3,0.03,0.6,8,17,42111,3408,911,2497,310,28,2.5113394596815537,1.7224875008799583,1.0654126997644215,2.4748292162337764,1.7378288632946026,True,21.46860000016204,2.110999999786145,5.519400000139285,29.09900000008747
000049,0.3,0.03,0.6,8,18,42111,3408,911,2497,310,28,2.5113394596815537,1.7224875008799583,1.0654126997644215,2.4748292162337764,1.7378288632946026,True,21.842700000206605,2.1087999998599116,6.311399999958667,30.262900000025184
000049,0.3,0.03,0.6,8,19,42111,3408,911,2497,310,28,2.5113394596815537,1.7224875008799583,1.0654126997644215,2.4748292162337764,1.7378288632946026,True,23.791000000073836,2.82229999993433,4.978100000016639,31.591400000024805
000049,0.3,0.08,0.6,8,0,42111,3408,1454,1954,178,31,2.1786453795143412,1.4141698656990302,1.0344163263469999,2.4748292162337764,1.7378288632946026,True,20.88370000001305,2.216100000168808,4.80529999981627,27.90509999999813
000049,0.3,0.08,0.6,8,1,42111,3408,1454,1954,178,31,2.1786453795143412,1.4141698656990302,1.0344163263469999,2.4748292162337764,1.7378288632946026,True,21.350299999994604,2.149500000086846,3.6660000000665605,27.16580000014801
000049,0.3,0.08,0.6,8,2,42111,3408,1454,1954,178,31,2.1786453795143412,1.4141698656990302,1.0344163263469999,2.4748292162337764,1.7378288632946026,True,22.161199999800374,2.9770000001008157,7.624300000088624,32.762499999989814
000049,0.3,0.08,0.6,8,3,42111,3408,1454,1954,178,31,2.1786453795143412,1.4141698656990302,1.0344163263469999,2.4748292162337764,1.7378288632946026,True,22.539499999993495,2.117099999850325,3.7276000000474596,28.38419999989128
000049,0.3,0.08,0.6,8,4,42111,3408,1454,1954,178,31,2.1786453795143412,1.4141698656990302,1.0344163263469999,2.4748292162337764,1.7378288632946026,True,11.622499999930369,1.4919000000190863,3.2346000000416097,16.348999999991065
000049,0.3,0.08,0.6,8,5,42111,3408,1454,1954,178,31,2.1786453795143412,1.4141698656990302,1.0344163263469999,2.4748292162337764,1.7378288632946026,True,10.025300000052084,1.6048999998474756,3.38570000008076,15.01589999998032
000049,0.3,0.08,0.6,8,6,42111,3408,1454,1954,178,31,2.1786453795143412,1.4141698656990302,1.0344163263469999,2.4748292162337764,1.7378288632946026,True,10.731099999929938,1.739100000122562,4.661799999894356,17.131999999946856
000049,0.3,0.08,0.6,8,7,42111,3408,1454,1954,178,31,2.1786453795143412,1.4141698656990302,1.0344163263469999,2.4748292162337764,1.7378288632946026,True,16.450199999781034,1.559100000122271,3.6637999999129534,21.67309999981626
000049,0.3,0.08,0.6,8,8,42111,3408,1454,1954,178,31,2.1786453795143412,1.4141698656990302,1.0344163263469999,2.4748292162337764,1.7378288632946026,True,16.069100000095204,1.643699999931414,3.898700000036115,21.611500000062733
000049,0.3,0.08,0.6,8,9,42111,3408,1454,1954,178,31,2.1786453795143412,1.4141698656990302,1.0344163263469999,2.4748292162337764,1.7378288632946026,True,21.036599999888494,2.252400000088528,4.5629000001099485,27.85190000008697
000049,0.3,0.08,0.6,8,10,42111,3408,1454,1954,178,31,2.1786453795143412,1.4141698656990302,1.0344163263469999,2.4748292162337764,1.7378288632946026,True,13.664700000163066,1.388199999837525,3.171900000097594,18.224800000098185
000049,0.3,0.08,0.6,8,11,42111,3408,1454,1954,178,31,2.1786453795143412,1.4141698656990302,1.0344163263469999,2.4748292162337764,1.7378288632946026,True,13.505399999985457,2.3042999998779123,3.1221000001551147,18.931800000018484
000049,0.3,0.08,0.6,8,12,42111,3408,1454,1954,178,31,2.1786453795143412,1.4141698656990302,1.0344163263469999,2.4748292162337764,1.7378288632946026,True,11.147000000164553,1.414899999872432,3.321300000152405,15.88320000018939
000049,0.3,0.08,0.6,8,13,42111,3408,1454,1954,178,31,2.1786453795143412,1.4141698656990302,1.0344163263469999,2.4748292162337764,1.7378288632946026,True,16.120900000032634,2.084899999999834,4.513800000040646,22.719600000073115
000049,0.3,0.08,0.6,8,14,42111,3408,1454,1954,178,31,2.1786453795143412,1.4141698656990302,1.0344163263469999,2.4748292162337764,1.7378288632946026,True,20.96269999992728,2.1504000001186796,3.4785999998803163,26.591699999926277
000049,0.3,0.08,0.6,8,15,42111,3408,1454,1954,178,31,2.1786453795143412,1.4141698656990302,1.0344163263469999,2.4748292162337764,1.7378288632946026,True,19.46859999998196,2.8031000001647044,3.976799999918512,26.248500000065178
000049,0.3,0.08,0.6,8,16,42111,3408,1454,1954,178,31,2.1786453795143412,1.4141698656990302,1.0344163263469999,2.4748292162337764,1.7378288632946026,True,20.399499999939508,1.4266000000588974,4.288399999950343,26.114499999948748
000049,0.3,0.08,0.6,8,17,42111,3408,1454,1954,178,31,2.1786453795143412,1.4141698656990302,1.0344163263469999,2.4748292162337764,1.7378288632946026,True,11.050600000089617,1.4585999999781052,3.5029999999096617,16.012199999977383
000049,0.3,0.08,0.6,8,18,42111,3408,1454,1954,178,31,2.1786453795143412,1.4141698656990302,1.0344163263469999,2.4748292162337764,1.7378288632946026,True,12.203800000179399,1.3755999998465995,3.349600000092323,16.92900000011832
000049,0.3,0.08,0.6,8,19,42111,3408,1454,1954,178,31,2.1786453795143412,1.4141698656990302,1.0344163263469999,2.4748292162337764,1.7378288632946026,True,9.918700000071112,1.2689999998656276,3.047600000172679,14.235300000109419
000049,0.3,0.3,0.6,8,0,42111,3408,1833,1575,127,30,1.9203855354645436,1.2921492066125841,0.964937694287336,2.4748292162337764,1.7378288632946026,True,9.84070000004067,1.36489999999867,2.7718999999706284,13.977500000009968
000049,0.3,0.3,0.6,8,1,42111,3408,1833,1575,127,30,1.9203855354645436,1.2921492066125841,0.964937694287336,2.4748292162337764,1.7378288632946026,True,10.055299999976341,1.3911999999436375,2.964600000041173,14.411099999961152
000049,0.3,0.3,0.6,8,2,42111,3408,1833,1575,127,30,1.9203855354645436,1.2921492066125841,0.964937694287336,2.4748292162337764,1.7378288632946026,True,9.926799999902869,1.4315000000806322,2.7488000000630564,14.107100000046557
000049,0.3,0.3,0.6,8,3,42111,3408,1833,1575,127,30,1.9203855354645436,1.2921492066125841,0.964937694287336,2.4748292162337764,1.7378288632946026,True,10.103299999855153,1.4233000001695473,2.6560999999674095,14.18269999999211
000049,0.3,0.3,0.6,8,4,42111,3408,1833,1575,127,30,1.9203855354645436,1.2921492066125841,0.964937694287336,2.4748292162337764,1.7378288632946026,True,10.149700000056328,1.6418000000157917,3.679499999861946,15.470999999934065
000049,0.3,0.3,0.6,8,5,42111,3408,1833,1575,127,30,1.9203855354645436,1.2921492066125841,0.964937694287336,2.4748292162337764,1.7378288632946026,True,12.010800000098243,2.461600000060571,4.889000000048327,19.36140000020714
000049,0.3,0.3,0.6,8,6,42111,3408,1833,1575,127,30,1.9203855354645436,1.2921492066125841,0.964937694287336,2.4748292162337764,1.7378288632946026,True,11.500700000169672,1.2809999998353305,3.3176000001731154,16.09930000017812
000049,0.3,0.3,0.6,8,7,42111,3408,1833,1575,127,30,1.9203855354645436,1.2921492066125841,0.964937694287336,2.4748292162337764,1.7378288632946026,True,10.443899999927453,1.2804000000414817,3.080400000044392,14.804700000013327
000049,0.3,0.3,0.6,8,8,42111,3408,1833,1575,127,30,1.9203855354645436,1.2921492066125841,0.964937694287336,2.4748292162337764,1.7378288632946026,True,10.367299999870738,1.377900000079535,2.763299999969604,14.508499999919877
000049,0.3,0.3,0.6,8,9,42111,3408,1833,1575,127,30,1.9203855354645436,1.2921492066125841,0.964937694287336,2.4748292162337764,1.7378288632946026,True,10.796099999879516,1.1441999999988184,3.150900000036927,15.091199999915261
000049,0.3,0.3,0.6,8,10,42111,3408,1833,1575,127,30,1.9203855354645436,1.2921492066125841,0.964937694287336,2.4748292162337764,1.7378288632946026,True,10.332600000083403,1.405199999908291,3.3330999999634514,15.070899999955145
000049,0.3,0.3,0.6,8,11,42111,3408,1833,1575,127,30,1.9203855354645436,1.2921492066125841,0.964937694287336,2.4748292162337764,1.7378288632946026,True,11.604300000044532,1.279300000078365,3.223799999886978,16.107400000009875
000049,0.3,0.3,0.6,8,12,42111,3408,1833,1575,127,30,1.9203855354645436,1.2921492066125841,0.964937694287336,2.4748292162337764,1.7378288632946026,True,18.419199999925695,2.776699999913035,7.003000000167958,28.198900000006688
000049,0.3,0.3,0.6,8,13,42111,3408,1833,1575,127,30,1.9203855354645436,1.2921492066125841,0.964937694287336,2.4748292162337764,1.7378288632946026,True,21.495400000048903,2.205700000104116,5.11770000002798,28.818800000181
000049,0.3,0.3,0.6,8,14,42111,3408,1833,1575,127,30,1.9203855354645436,1.2921492066125841,0.964937694287336,2.4748292162337764,1.7378288632946026,True,19.56940000013674,1.6123999998853833,3.5359999999400316,24.717799999962153
000049,0.3,0.3,0.6,8,15,42111,3408,1833,1575,127,30,1.9203855354645436,1.2921492066125841,0.964937694287336,2.4748292162337764,1.7378288632946026,True,11.844599999903949,1.3375000000905857,2.947699999822362,16.129799999816896
000049,0.3,0.3,0.6,8,16,42111,3408,1833,1575,127,30,1.9203855354645436,1.2921492066125841,0.964937694287336,2.4748292162337764,1.7378288632946026,True,10.66169999990052,1.4750000000276486,3.0718000000433676,15.208499999971536
000049,0.3,0.3,0.6,8,17,42111,3408,1833,1575,127,30,1.9203855354645436,1.2921492066125841,0.964937694287336,2.4748292162337764,1.7378288632946026,True,9.658100000024206,1.5357999998286687,3.20160000001124,14.395499999864114
000049,0.3,0.3,0.6,8,18,42111,3408,1833,1575,127,30,1.9203855354645436,1.2921492066125841,0.964937694287336,2.4748292162337764,1.7378288632946026,True,9.494700000004741,1.674599999887505,3.75560000020414,14.924900000096386
000049,0.3,0.3,0.6,8,19,42111,3408,1833,1575,127,30,1.9203855354645436,1.2921492066125841,0.964937694287336,2.4748292162337764,1.7378288632946026,True,9.514500000022963,1.3690999999198539,3.6363000001529144,14.519900000095731
